kanji;kanken;jlpt;wanikani;grade;frequency;kunyomi;onyomi;meanings;
日;10;N5;WK2;G1;FQ1;ひ,-び,-か;にち,じつ;Day,Sun,Japan,Counter For Days
一;10;N5;WK1;G1;FQ2;ひと-,ひと.つ;いち,いつ;One,One Radical (no.1)
人;10;N5;WK1;G1;FQ5;ひと,-り,-と;じん,にん;Person
年;10;N5;WK4;G1;FQ6;とし;ねん;Year,Counter For Years
大;10;N5;WK1;G1;FQ7;おお-,おお.きい,-おお.いに;だい,たい;Large,Big
十;10;N5;WK1;G1;FQ8;とお,と;じゅう,じっ,じゅっ;Ten
二;10;N5;WK1;G1;FQ9;ふた,ふた.つ,ふたたび;に,じ;Two,Two Radical (no. 7)
本;10;N5;WK2;G1;FQ10;もと;ほん;Book,Present,Main,Origin,True,Real,Counter For Long Cylindrical Things
中;10;N5;WK2;G1;FQ11;なか,うち,あた.る;ちゅう;In,Inside,Middle,Mean,Center
出;10;N5;WK2;G1;FQ13;で.る,-で,だ.す,-だ.す,い.でる,い.だす;しゅつ,すい;Exit,Leave,Go Out,Come Out,Put Out,Protrude
三;10;N5;WK1;G1;FQ14;み,み.つ,みっ.つ;さん,ぞう;Three
見;10;N5;WK4;G1;FQ22;み.る,み.える,み.せる;けん;See,Hopes,Chances,Idea,Opinion,Look At,Visible
月;10;N5;WK2;G1;FQ23;つき;げつ,がつ;Month,Moon
生;10;N5;WK3;G1;FQ29;い.きる,い.かす,い.ける,う.まれる,うま.れる,う.まれ,うまれ,う.む,お.う,は.える,は.やす,き,なま,なま-,な.る,な.す,む.す,-う;せい,しょう;Life,Genuine,Birth
五;10;N5;WK2;G1;FQ31;いつ,いつ.つ;ご;Five
上;10;N5;WK1;G1;FQ35;うえ,-うえ,うわ-,かみ,あ.げる,-あ.げる,あ.がる,-あ.がる,あ.がり,-あ.がり,のぼ.る,のぼ.り,のぼ.せる,のぼ.す,たてまつ.る;じょう,しょう,しゃん;Above,Up
四;10;N5;WK2;G1;FQ47;よ,よ.つ,よっ.つ,よん;し;Four
金;10;N5;WK5;G1;FQ53;かね,かな-,-がね;きん,こん,ごん;Gold
九;10;N5;WK1;G1;FQ55;ここの,ここの.つ;きゅう,く;Nine
入;10;N5;WK1;G1;FQ56;い.る,-い.る,-い.り,い.れる,-い.れ,はい.る;にゅう,じゅ;Enter,Insert
立;10;N4;WK2;G1;FQ58;た.つ,-た.つ,た.ち-,た.てる,-た.てる,た.て-,たて-,-た.て,-だ.て,-だ.てる;りつ,りゅう,りっとる;Stand Up,Rise,Set Up,Erect
手;10;N4;WK2;G1;FQ60;て,て-,-て,た-;しゅ,ず;Hand
力;10;N4;WK1;G1;FQ62;ちから;りょく,りき,りい;Power,Strength,Strong,Strain,Bear Up,Exert
学;10;N5;WK5;G1;FQ63;まな.ぶ;がく;Study,Learning,Science
円;10;N5;WK2;G1;FQ69;まる.い,まる,まど,まど.か,まろ.やか;えん;Circle,Yen,Round
子;10;N5;WK2;G1;FQ72;こ,-こ,ね;し,す,つ;Child,Sign Of The Rat,11pm-1am,First Sign Of Chinese Zodiac
目;10;N4;WK2;G1;FQ76;め,-め,ま-;もく,ぼく;Eye,Class,Look,Insight,Experience,Care,Favor
田;10;N4;WK2;G1;FQ90;た;でん;Rice Field,Rice Paddy
八;10;N5;WK1;G1;FQ92;や,や.つ,やっ.つ,よう;はち;Eight,Eight Radical (no. 12)
六;10;N5;WK2;G1;FQ93;む,む.つ,むっ.つ,むい;ろく,りく;Six
下;10;N5;WK1;G1;FQ97;した,しも,もと,さ.げる,さ.がる,くだ.る,くだ.り,くだ.す,-くだ.す,くだ.さる,お.ろす,お.りる;か,げ;Below,Down,Descend,Give,Low,Inferior
気;10;N5;WK4;G1;FQ113;いき;き,け;Spirit,Mind,Air,Atmosphere,Mood
小;10;N5;WK2;G1;FQ114;ちい.さい,こ-,お-,さ-;しょう;Little,Small
七;10;N5;WK1;G1;FQ115;なな,なな.つ,なの;しち;Seven
山;10;N5;WK1;G1;FQ131;やま;さん,せん;Mountain
正;10;N4;WK2;G1;FQ143;ただ.しい,ただ.す,まさ,まさ.に;せい,しょう;Correct,Justice,Righteous,10**40
女;10;N5;WK1;G1;FQ151;おんな,め;じょ,にょ,にょう;Woman,Female
百;10;N5;WK4;G1;FQ163;もも;ひゃく,びゃく;Hundred
先;10;N5;WK4;G1;FQ173;さき,ま.ず;せん;Before,Ahead,Previous,Future,Precedence
名;10;N5;WK4;G1;FQ177;な,-な;めい,みょう;Name,Noted,Distinguished,Reputation
川;10;N5;WK1;G1;FQ181;かわ;せん;Stream,River,River Or Three-stroke River Radical (no. 47)
文;10;N4;WK2;G1;FQ190;ふみ,あや;ぶん,もん;Sentence,Literature,Style,Art,Decoration,Figures,Plan,Literary Radical (no. 67)
千;10;N5;WK2;G1;FQ195;ち;せん;Thousand
水;10;N5;WK2;G1;FQ223;みず,みず-;すい;Water
男;10;N5;WK4;G1;FQ240;おとこ,お;だん,なん;Male
村;10;N2;WK4;G1;FQ253;むら;そん;Village,Town
口;10;N4;WK1;G1;FQ284;くち;こう,く;Mouth
町;10;N4;WK4;G1;FQ292;まち;ちょう;Town,Village,Block,Street
校;10;N5;WK7;G1;FQ294;;こう,きょう;Exam,School,Printing,Proof,Correction
空;10;N4;WK5;G1;FQ304;そら,あ.く,あ.き,あ.ける,から,す.く,す.かす,むな.しい;くう;Empty,Sky,Void,Vacant,Vacuum
土;10;N5;WK2;G1;FQ307;つち;ど,と;Soil,Earth,Ground,Turkey
木;10;N5;WK2;G1;FQ317;き,こ-;ぼく,もく;Tree,Wood
車;10;N5;WK4;G1;FQ333;くるま;しゃ;Car
石;10;N3;WK4;G1;FQ342;いし;せき,しゃく,こく;Stone
足;10;N4;WK4;G1;FQ343;あし,た.りる,た.る,た.す;そく;Leg,Foot,Be Sufficient,Counter For Pairs Of Footwear
早;10;N4;WK4;G1;FQ402;はや.い,はや,はや-,はや.まる,はや.める,さ-;そう,さっ;Early,Fast
白;10;N5;WK2;G1;FQ483;しろ,しら-,しろ.い;はく,びゃく;White
字;10;N4;WK4;G1;FQ485;あざ,あざな,-な;じ;Character,Letter,Word,Section Of Village
音;10;N4;WK5;G1;FQ491;おと,ね;おん,いん,-のん;Sound,Noise
天;10;N5;WK2;G1;FQ512;あまつ,あめ,あま-;てん;Heavens,Sky,Imperial
火;10;N5;WK2;G1;FQ574;ひ,-び,ほ-;か;Fire
花;10;N4;WK4;G1;FQ578;はな;か,け;Flower
赤;10;N4;WK4;G1;FQ584;あか,あか-,あか.い,あか.らむ,あか.らめる;せき,しゃく;Red
青;10;N4;WK5;G1;FQ589;あお,あお-,あお.い;せい,しょう;Blue,Green
竹;10;N2;WK4;G1;FQ593;たけ;ちく;Bamboo
右;10;N5;WK2;G1;FQ602;みぎ;う,ゆう;Right
森;10;N2;WK8;G1;FQ609;もり;しん;Forest,Woods
左;10;N5;WK2;G1;FQ630;ひだり;さ,しゃ;Left
休;10;N5;WK4;G1;FQ642;やす.む,やす.まる,やす.める;きゅう;Rest,Day Off,Retire,Sleep
林;10;N2;WK5;G1;FQ656;はやし;りん;Grove,Forest
王;10;N3;WK2;G1;FQ684;;おう,-のう;King,Rule,Magnate
玉;10;N2;WK2;G1;FQ737;たま,たま-,-だま;ぎょく;Jewel,Ball
夕;10;N4;WK2;G1;FQ924;ゆう;せき;Evening
雨;10;N5;WK5;G1;FQ950;あめ,あま-,-さめ;う;Rain
草;10;N3;WK5;G1;FQ967;くさ,くさ-,-ぐさ;そう;Grass,Weeds,Herbs,Pasture,Write,Draft
犬;10;N4;WK2;G1;FQ1326;いぬ,いぬ-;けん;Dog
耳;10;N3;WK4;G1;FQ1328;みみ;じ;Ear
虫;10;N2;WK4;G1;FQ1351;むし;ちゅう,き;Insect,Bug,Temper
糸;10;N2;WK4;G1;FQ1488;いと;し;Thread
貝;10;N2;WK4;G1;FQ1787;かい;ばい;Shellfish
国;9;N5;WK6;G2;FQ3;くに;こく;Country
会;9;N4;WK5;G2;FQ4;あ.う,あ.わせる,あつ.まる;かい,え;Meeting,Meet,Party,Association,Interview,Join
長;9;N5;WK6;G2;FQ12;なが.い,おさ;ちょう;Long,Leader,Superior,Senior
同;9;N4;WK5;G2;FQ15;おな.じ;どう;Same,Agree,Equal
時;9;N5;WK7;G2;FQ16;とき,-どき;じ;Time,Hour
自;9;N4;WK5;G2;FQ19;みずか.ら,おの.ずから,おの.ずと;じ,し;Oneself
行;9;N5;WK5;G2;FQ20;い.く,ゆ.く,-ゆ.き,-ゆき,-い.き,-いき,おこな.う,おこ.なう;こう,ぎょう,あん;Going,Journey,Carry Out,Conduct,Act,Line,Row,Bank
社;9;N4;WK5;G2;FQ21;やしろ;しゃ;Company,Firm,Office,Association,Shrine
分;9;;WK3;G2;FQ24;わ.ける,わ.け,わ.かれる,わ.かる,わ.かつ;ぶん,ふん,ぶ;Part,Minute Of Time,Segment,Share,Degree,One's Lot,Duty,Understand,Know,Rate,1%,Chances,Shaku/100
後;9;N5;WK6;G2;FQ26;のち,うし.ろ,うしろ,あと,おく.れる;ご,こう;Behind,Back,Later
前;9;N5;WK6;G2;FQ27;まえ,-まえ;ぜん;In Front,Before
間;9;N5;WK8;G2;FQ33;あいだ,ま,あい;かん,けん;Interval,Space
東;9;N5;WK6;G2;FQ37;ひがし;とう;East
地;9;N4;WK6;G2;FQ40;;ち,じ;Ground,Earth
合;9;N3;WK12;G2;FQ41;あ.う,-あ.う,あ.い,あい-,-あ.い,-あい,あ.わす,あ.わせる,-あ.わせる;ごう,がっ,かっ;Fit,Suit,Join,0.1
市;9;N3;WK3;G2;FQ42;いち;し;Market,City,Town
内;9;N3;WK3;G2;FQ44;うち;ない,だい;Inside,Within,Between,Among,House,Home
方;9;N4;WK3;G2;FQ46;かた,-かた,-がた;ほう;Direction,Person,Alternative
今;9;N5;WK3;G2;FQ49;いま;こん,きん;Now
回;9;N3;WK5;G2;FQ50;まわ.る,-まわ.る,-まわ.り,まわ.す,-まわ.す,まわ.し-,-まわ.し,もとお.る,か.える;かい,え;-times,Round,Game,Revolve,Counter For Occurrences
新;9;N4;WK9;G2;FQ51;あたら.しい,あら.た,あら-,にい-;しん;New
場;9;N4;WK8;G2;FQ52;ば;じょう,ちょう;Location,Place
米;9;N3;WK5;G2;FQ61;こめ,よね;べい,まい,めえとる;Rice,Usa,Metre
高;9;N5;WK7;G2;FQ65;たか.い,たか,-だか,たか.まる,たか.める;こう;Tall,High,Expensive
明;9;N4;WK6;G2;FQ67;あ.かり,あか.るい,あか.るむ,あか.らむ,あき.らか,あ.ける,-あ.け,あ.く,あ.くる,あ.かす;めい,みょう,みん;Bright,Light
京;9;N4;WK6;G2;FQ74;みやこ;きょう,けい,きん;Capital,10**16
通;9;N4;WK7;G2;FQ80;とお.る,とお.り,-とお.り,-どお.り,とお.す,とお.し,-どお.し,かよ.う;つう,つ;Traffic,Pass Through,Avenue,Commute,Counter For Letters, Notes, Documents, Etc.
外;9;N5;WK3;G2;FQ81;そと,ほか,はず.す,はず.れる,と-;がい,げ;Outside
言;9;N4;WK5;G2;FQ83;い.う,こと;げん,ごん;Say,Word
理;9;N4;WK7;G2;FQ86;ことわり;り;Logic,Arrangement,Reason,Justice,Truth
体;9;N4;WK5;G2;FQ88;からだ,かたち;たい,てい;Body,Substance,Object,Reality,Counter For Images
当;9;N3;WK5;G2;FQ91;あ.たる,あ.たり,あ.てる,あ.て,まさ.に,まさ.にべし;とう;Hit,Right,Appropriate,Himself
首;9;N3;WK6;G2;FQ98;くび;しゅ;Neck,Counter For Songs And Poems
来;9;N5;WK5;G2;FQ102;く.る,きた.る,きた.す,き.たす,き.たる,き,こ;らい,たい;Come,Due,Next,Cause,Become
作;9;N4;WK5;G2;FQ103;つく.る,つく.り,-づく.り;さく,さ;Make,Production,Prepare,Build
用;9;N4;WK3;G2;FQ107;もち.いる;よう;Utilize,Business,Service,Use,Employ
強;9;N4;WK7;G2;FQ112;つよ.い,つよ.まる,つよ.める,し.いる,こわ.い;きょう,ごう;Strong
公;9;N4;WK3;G2;FQ118;おおやけ;こう,く;Public,Prince,Official,Governmental
野;9;N4;WK12;G2;FQ120;の,の-;や,しょ;Plains,Field,Rustic,Civilian Life
思;9;N4;WK6;G2;FQ132;おも.う,おもえら.く,おぼ.す;し;Think
家;9;N4;WK7;G2;FQ133;いえ,や,うち;か,け;House,Home,Family,Professional,Expert,Performer
話;9;N5;WK8;G2;FQ134;はな.す,はなし;わ;Tale,Talk
多;9;N4;WK5;G2;FQ139;おお.い,まさ.に,まさ.る;た;Many,Frequent,Much
数;9;N3;WK8;G2;FQ148;かず,かぞ.える,しばしば,せ.める,わずらわ.しい;すう,す,さく,そく,しゅ;Number,Strength,Fate,Law,Figures
記;9;N3;WK7;G2;FQ149;しる.す;き;Scribe,Account,Narrative
北;9;N5;WK3;G2;FQ153;きた;ほく;North
午;9;N5;WK3;G2;FQ154;うま;ご;Noon,Sign Of The Horse,11am-1pm,Seventh Sign Of Chinese Zodiac
心;9;N4;WK3;G2;FQ157;こころ,-ごころ;しん;Heart,Mind,Spirit,Heart Radical (no. 61)
点;9;N3;WK6;G2;FQ165;つ.ける,つ.く,た.てる,さ.す,とぼ.す,とも.す,ぼち;てん;Spot,Point,Mark,Speck,Decimal Point
教;9;N4;WK7;G2;FQ166;おし.える,おそ.わる;きょう;Teach,Faith,Doctrine
書;9;N5;WK16;G2;FQ169;か.く,-が.き,-がき;しょ;Write
活;9;N3;WK6;G2;FQ171;い.きる,い.かす,い.ける;かつ;Lively,Resuscitation,Being Helped,Living
原;9;N3;WK17;G2;FQ172;はら;げん;Meadow,Original,Primitive,Field,Plain,Prairie,Tundra,Wilderness
交;9;N3;WK5;G2;FQ178;まじ.わる,まじ.える,ま.じる,まじ.る,ま.ざる,ま.ぜる,-か.う,か.わす,かわ.す,こもごも;こう;Mingle,Mixing,Association,Coming & Going
元;9;N4;WK3;G2;FQ192;もと;げん,がん;Beginning,Former Time,Origin
近;9;N4;WK5;G2;FQ194;ちか.い;きん,こん;Near,Early,Akin,Tantamount
考;9;N4;WK5;G2;FQ196;かんが.える,かんが.え;こう;Consider,Think Over
画;9;N4;WK6;G2;FQ199;えが.く,かく.する,かぎ.る,はかりごと,はか.る;が,かく,え,かい;Brush-stroke,Picture
海;9;N4;WK6;G2;FQ200;うみ;かい;Sea,Ocean
売;9;N4;WK9;G2;FQ202;う.る,う.れる;ばい;Sell
組;9;N3;WK7;G2;FQ204;く.む,くみ,-ぐみ;そ;Association,Braid,Plait,Construct,Assemble,Unite,Cooperate,Grapple
知;9;N4;WK6;G2;FQ205;し.る,し.らせる;ち;Know,Wisdom
道;9;N4;WK8;G2;FQ207;みち,いう;どう,とう;Road-way,Street,District,Journey,Course,Moral,Teachings
引;9;N3;WK3;G2;FQ218;ひ.く,ひ.き,ひ.き-,-び.き,ひ.ける;いん;Pull,Tug,Jerk,Admit,Install,Quote,Refer To
半;9;N5;WK3;G2;FQ224;なか.ば;はん;Half,Middle,Odd Number,Semi-,Part-
計;9;N4;WK15;G2;FQ228;はか.る,はか.らう;けい;Plot,Plan,Scheme,Measure
直;9;N3;WK6;G2;FQ246;ただ.ちに,なお.す,-なお.す,なお.る,なお.き,す.ぐ;ちょく,じき,じか;Straightaway,Honesty,Frankness,Fix,Repair
朝;9;N4;WK8;G2;FQ248;あさ;ちょう;Morning,Dynasty,Regime,Epoch,Period,(north) Korea
西;9;N5;WK5;G2;FQ259;にし;せい,さい,す;West,Spain
台;9;N4;WK3;G2;FQ262;うてな,われ,つかさ;だい,たい;Pedestal,A Stand,Counter For Machines And Vehicles
広;9;N4;WK3;G2;FQ263;ひろ.い,ひろ.まる,ひろ.める,ひろ.がる,ひろ.げる;こう;Wide,Broad,Spacious
電;9;N5;WK8;G2;FQ268;;でん;Electricity
少;9;N4;WK3;G2;FQ287;すく.ない,すこ.し;しょう;Few,Little
工;9;N4;WK1;G2;FQ299;;こう,く,ぐ;Craft,Construction,Katakana E Radical (no. 48)
語;9;N5;WK10;G2;FQ301;かた.る,かた.らう;ご;Word,Speech,Language
止;9;N4;WK3;G2;FQ310;と.まる,-ど.まり,と.める,-と.める,-ど.め,とど.める,とど.め,とど.まる,や.める,や.む,-や.む,よ.す,-さ.す,-さ.し;し;Stop,Halt
聞;9;N5;WK10;G2;FQ319;き.く,き.こえる;ぶん,もん;Hear,Ask,Listen
切;9;N4;WK3;G2;FQ324;き.る,-き.る,き.り,-き.り,-ぎ.り,き.れる,-き.れる,き.れ,-き.れ,-ぎ.れ;せつ,さい;Cut,Cutoff,Be Sharp
食;9;N5;WK6;G2;FQ328;く.う,く.らう,た.べる,は.む;しょく,じき;Eat,Food
何;9;N5;WK5;G2;FQ340;なに,なん,なに-,なん-;か;What
南;9;N5;WK6;G2;FQ341;みなみ;なん,な;South
番;9;N3;WK8;G2;FQ348;つが.い;ばん;Turn,Number In A Series
算;9;N2;WK10;G2;FQ361;そろ;さん;Calculate,Divining,Number,Abacus,Probability
楽;9;N4;WK8;G2;FQ373;たの.しい,たの.しむ,この.む;がく,らく,ごう;Music,Comfort,Ease
万;9;N5;WK3;G2;FQ375;よろず;まん,ばん;Ten Thousand,10,000
店;9;N4;WK6;G2;FQ378;みせ,たな;てん;Store,Shop
線;9;N2;WK10;G2;FQ382;すじ;せん;Line,Track
声;9;N3;WK5;G2;FQ388;こえ,こわ-;せい,しょう;Voice
親;9;N4;WK10;G2;FQ406;おや,おや-,した.しい,した.しむ;しん;Parent,Intimacy,Relative,Familiarity,Dealer (cards)
形;9;N3;WK5;G2;FQ418;かた,-がた,かたち,なり;けい,ぎょう;Shape,Form,Style
頭;9;N3;WK10;G2;FQ433;あたま,かしら,-がしら,かぶり;とう,ず,と;Head,Counter For Large Animals
毎;9;N5;WK5;G2;FQ436;ごと,-ごと.に;まい;Every
門;9;N2;WK16;G2;FQ452;かど,と;もん;Gate,Counter For Cannons
答;9;N4;WK8;G2;FQ486;こた.える,こた.え;とう;Solution,Answer
夜;9;N4;WK6;G2;FQ487;よ,よる;や;Night,Evening
帰;9;N4;WK15;G2;FQ504;かえ.る,かえ.す,おく.る,とつ.ぐ;き;Homecoming,Arrive At,Lead To,Result In
谷;9;N2;WK5;G2;FQ508;たに,きわ.まる;こく;Valley
古;9;N4;WK3;G2;FQ509;ふる.い,ふる-,-ふる.す;こ;Old
歌;9;N4;WK10;G2;FQ519;うた,うた.う;か;Song,Sing
買;9;N4;WK8;G2;FQ520;か.う;ばい;Buy
光;9;N3;WK5;G2;FQ527;ひか.る,ひかり;こう;Ray,Light
科;9;N3;WK6;G2;FQ531;;か;Department,Course,Section
細;9;N2;WK17;G2;FQ537;ほそ.い,ほそ.る,こま.か,こま.かい;さい;Dainty,Get Thin,Taper,Slender,Narrow,Detailed,Precise
図;9;N4;WK5;G2;FQ539;え,はか.る;ず,と;Map,Drawing,Plan,Extraordinary,Audacious
週;9;N4;WK7;G2;FQ540;;しゅう;Week
丸;9;N2;WK2;G2;FQ542;まる,まる.める,まる.い;がん;Round,Full (month),Perfection,-ship,Pills,Make Round,Roll Up,Curl Up,Seduce,Explain Away
室;9;N4;WK6;G2;FQ550;むろ;しつ;Room,Apartment,Chamber,Greenhouse,Cellar
太;9;N3;WK3;G2;FQ552;ふと.い,ふと.る;たい,た;Plump,Thick,Big Around
歩;9;N4;WK6;G2;FQ554;ある.く,あゆ.む;ほ,ぶ,ふ;Walk,Counter For Steps
風;9;N4;WK7;G2;FQ558;かぜ,かざ-,-かぜ;ふう,ふ;Wind,Air,Style,Manner
紙;9;N4;WK7;G2;FQ559;かみ;し;Paper
母;9;N5;WK3;G2;FQ570;はは,も;ぼ;Mother
黒;9;N4;WK7;G2;FQ573;くろ,くろ.ずむ,くろ.い;こく;Black
戸;9;N2;WK3;G2;FQ575;と;こ;Door,Counter For Houses,Door Radical (no. 63)
春;9;N4;WK15;G2;FQ579;はる;しゅん;Springtime,Spring (season)
読;9;N5;WK10;G2;FQ618;よ.む,-よ.み;どく,とく,とう;Read
色;9;N4;WK5;G2;FQ621;いろ;しょく,しき;Color
友;9;N5;WK3;G2;FQ622;とも;ゆう;Friend
走;9;N4;WK5;G2;FQ626;はし.る;そう;Run
園;9;N3;WK16;G2;FQ628;その;えん;Park,Garden,Yard,Farm
秋;9;N4;WK15;G2;FQ635;あき,とき;しゅう;Autumn
馬;9;N3;WK8;G2;FQ639;うま,うま-,ま;ば;Horse
父;9;N5;WK3;G2;FQ646;ちち;ふ;Father
夏;9;N4;WK7;G2;FQ659;なつ;か,が,げ;Summer
顔;9;N3;WK10;G2;FQ676;かお;がん;Face,Expression
船;9;N3;WK7;G2;FQ713;ふね,ふな-;せん;Ship,Boat
羽;9;N2;WK5;G2;FQ748;は,わ,はね;う;Feathers,Counter For Birds, Rabbits
岩;9;N2;WK15;G2;FQ787;いわ;がん;Boulder,Rock,Cliff
角;9;N2;WK5;G2;FQ805;かど,つの;かく;Angle,Corner,Square,Horn,Antlers
池;9;N2;WK8;G2;FQ827;いけ;ち;Pond,Cistern,Pool,Reservoir
星;9;N2;WK6;G2;FQ844;ほし,-ぼし;せい,しょう;Star,Spot,Dot,Mark
寺;9;N2;WK15;G2;FQ879;てら;じ;Buddhist Temple
遠;9;N3;WK16;G2;FQ887;とお.い;えん,おん;Distant,Far
絵;9;N3;WK8;G2;FQ895;;かい,え;Picture,Drawing,Painting,Sketch
曜;9;N4;WK16;G2;FQ940;;よう;Weekday
弱;9;N2;WK7;G2;FQ958;よわ.い,よわ.る,よわ.まる,よわ.める;じゃく;Weak,Frail
肉;9;N4;WK5;G2;FQ986;しし;にく;Meat
晴;9;N3;WK15;G2;FQ1022;は.れる,は.れ,は.れ-,-ば.れ,は.らす;せい;Clear Up
鳥;9;N4;WK7;G2;FQ1043;とり;ちょう;Bird,Chicken
冬;9;N4;WK3;G2;FQ1090;ふゆ;とう;Winter
里;9;;WK5;G2;FQ1096;さと;り;Ri,Village,Parent's Home,League
昼;9;N4;WK15;G2;FQ1115;ひる;ちゅう;Daytime,Noon
茶;9;N4;WK6;G2;FQ1116;;ちゃ,さ;Tea
雪;9;N3;WK7;G2;FQ1131;ゆき;せつ;Snow
弟;9;N4;WK5;G2;FQ1161;おとうと;てい,だい,で;Younger Brother,Faithful Service To Elders
毛;9;N2;WK3;G2;FQ1179;け;もう;Fur,Hair,Feather,Down
牛;9;N4;WK3;G2;FQ1202;うし;ぎゅう;Cow
魚;9;N4;WK7;G2;FQ1208;うお,さかな,-ざかな;ぎょ;Fish
兄;9;N4;WK5;G2;FQ1219;あに;けい,きょう;Elder Brother,Big Brother
黄;9;N2;WK7;G2;FQ1240;き,こ-;こう,おう;Yellow
雲;9;N2;WK8;G2;FQ1256;くも,-ぐも;うん;Cloud
鳴;9;N3;WK10;G2;FQ1279;な.く,な.る,な.らす;めい;Chirp,Cry,Bark,Sound,Ring,Echo,Honk
矢;9;N1;WK3;G2;FQ1294;や;し;Dart,Arrow
妹;9;N4;WK6;G2;FQ1446;いもうと;まい;Younger Sister
姉;9;N4;WK6;G2;FQ1473;あね,はは;し;Elder Sister
才;9;N3;WK2;G2;FQ1497;;さい;Genius,Years Old,Cubic Shaku
麦;9;N2;WK5;G2;FQ1615;むぎ;ばく;Barley,Wheat
刀;9;N1;WK2;G2;FQ1794;かたな,そり;とう;Sword,Saber,Knife
弓;9;N1;WK18;G2;FQ1802;ゆみ;きゅう;Bow,Bow (archery, Violin)
汽;9;N1;WK18;G2;FQ2020;;き;Vapor,Steam
事;8;N4;WK9;G3;FQ18;こと,つか.う,つか.える;じ,ず;Matter,Thing,Fact,Business,Reason,Possibly
発;8;N4;WK9;G3;FQ32;た.つ,あば.く,おこ.る,つか.わす,はな.つ;はつ,ほつ;Departure,Discharge,Publish,Emit,Start From,Disclose,Counter For Gunshots
対;8;N3;WK8;G3;FQ34;あいて,こた.える,そろ.い,つれあ.い,なら.ぶ,むか.う;たい,つい;Vis-a-vis,Opposite,Even,Equal,Versus,Anti-,Compare
部;8;N3;WK9;G3;FQ36;-べ;ぶ;Section,Bureau,Dept,Class,Copy,Part,Portion,Counter For Copies Of A Newspaper Or Magazine
者;8;N4;WK8;G3;FQ38;もの;しゃ;Someone,Person
業;8;N4;WK10;G3;FQ43;わざ;ぎょう,ごう;Business,Vocation,Arts,Performance
相;8;N3;WK9;G3;FQ45;あい-;そう,しょう;Inter-,Mutual,Together,Each Other,Minister Of State,Councillor,Aspect,Phase,Physiognomy
定;8;N3;WK9;G3;FQ48;さだ.める,さだ.まる,さだ.か;てい,じょう;Determine,Fix,Establish,Decide
員;8;N4;WK12;G3;FQ54;;いん;Employee,Member,Number,The One In Charge
開;8;N4;WK10;G3;FQ59;ひら.く,ひら.き,-びら.き,ひら.ける,あ.く,あ.ける;かい;Open,Unfold,Unseal
問;8;N4;WK13;G3;FQ64;と.う,と.い,とん;もん;Question,Ask,Problem
代;8;N4;WK4;G3;FQ66;か.わる,かわ.る,かわ.り,か.わり,-がわ.り,-が.わり,か.える,よ,しろ;だい,たい;Substitute,Change,Convert,Replace,Period,Age,Counter For Decades Of Ages, Eras, Etc.,Generation,Charge,Rate,Fee
実;8;N3;WK9;G3;FQ68;み,みの.る,まこと,みの,みち.る;じつ,しつ;Reality,Truth
決;8;N3;WK8;G3;FQ71;き.める,-ぎ.め,き.まる,さ.く;けつ;Decide,Fix,Agree Upon,Appoint
動;8;N4;WK12;G3;FQ73;うご.く,うご.かす;どう;Move,Motion,Change,Confusion,Shift,Shake
全;8;N3;WK6;G3;FQ75;まった.く,すべ.て;ぜん;Whole,Entire,All,Complete,Fulfill
表;8;N3;WK9;G3;FQ77;おもて,-おもて,あらわ.す,あらわ.れる,あら.わす;ひょう;Surface,Table,Chart,Diagram
調;8;N3;WK10;G3;FQ87;しら.べる,しら.べ,ととの.う,ととの.える;ちょう;Tune,Tone,Meter,Key (music),Writing Style,Prepare,Exorcise,Investigate,Harmonize,Mediate
化;8;N3;WK6;G3;FQ89;ば.ける,ば.かす,ふ.ける,け.する;か,け;Change,Take The Form Of,Influence,Enchant,Delude,-ization
主;8;N4;WK4;G3;FQ95;ぬし,おも,あるじ;しゅ,す,しゅう;Lord,Chief,Master,Main Thing,Principal
題;8;N4;WK13;G3;FQ96;;だい;Topic,Subject
意;8;N4;WK11;G3;FQ99;;い;Idea,Mind,Heart,Taste,Thought,Desire,Care,Liking
度;8;N4;WK9;G3;FQ110;たび,-た.い;ど,と,たく;Degrees,Occurrence,Time,Counter For Occurrences,Consider,Attitude
期;8;N3;WK12;G3;FQ117;;き,ご;Period,Time,Date,Term
持;8;N4;WK9;G3;FQ119;も.つ,-も.ち,も.てる;じ;Hold,Have
取;8;N3;WK16;G3;FQ122;と.る,と.り,と.り-,とり,-ど.り;しゅ;Take,Fetch,Take Up
都;8;N3;WK12;G3;FQ123;みやこ;と,つ;Metropolis,Capital,All,Everything
和;8;N3;WK9;G3;FQ124;やわ.らぐ,やわ.らげる,なご.む,なご.やか,あ.える;わ,お,か;Harmony,Japanese Style,Peace,Soften,Japan
平;8;N3;WK4;G3;FQ128;たい.ら,-だいら,ひら,ひら-;へい,びょう,ひょう;Even,Flat,Peace
世;8;N4;WK4;G3;FQ135;よ;せい,せ,そう;Generation,World,Society,Public
受;8;N3;WK9;G3;FQ136;う.ける,-う.け,う.かる;じゅ;Accept,Undergo,Answer (phone),Take,Get,Catch,Receive
区;8;N2;WK15;G3;FQ137;;く,おう,こう;Ward,District
県;8;N2;WK9;G3;FQ140;か.ける;けん;Prefecture
進;8;N3;WK10;G3;FQ142;すす.む,すす.める;しん;Advance,Proceed,Progress,Promote
安;8;N4;WK6;G3;FQ144;やす.い,やす.まる,やす,やす.らか;あん;Relax,Cheap,Low,Quiet,Rested,Contented,Peaceful
院;8;N4;WK10;G3;FQ150;;いん;Inst.,Institution,Temple,Mansion,School
指;8;N3;WK11;G3;FQ155;ゆび,さ.す,-さ.し;し;Finger,Point To,Indicate,Put Into,Play (chess),Measure (ruler)
界;8;N4;WK9;G3;FQ158;;かい;World,Boundary
第;8;N1;WK12;G3;FQ160;;だい,てい;No.,Residence
予;8;N3;WK9;G3;FQ180;あらかじ.め;よ,しゃ;Beforehand,Previous,Myself,I
向;8;N3;WK6;G3;FQ182;む.く,む.い,-む.き,む.ける,-む.け,む.かう,む.かい,む.こう,む.こう-,むこ,むか.い;こう;Yonder,Facing,Beyond,Confront,Defy,Tend Toward,Approach
勝;8;N3;WK9;G3;FQ185;か.つ,-が.ち,まさ.る,すぐ.れる,かつ;しょう;Victory,Win,Prevail,Excel
面;8;N3;WK16;G3;FQ186;おも,おもて,つら;めん,べん;Mask,Face,Features,Surface
委;8;N2;WK21;G3;FQ187;ゆだ.ねる;い;Committee,Entrust To,Leave To,Devote,Discard
反;8;N3;WK8;G3;FQ191;そ.る,そ.らす,かえ.す,かえ.る,-かえ.る;はん,ほん,たん,ほ;Anti-
重;8;N4;WK9;G3;FQ193;え,おも.い,おも.り,おも.なう,かさ.ねる,かさ.なる,おも;じゅう,ちょう;Heavy,Important,Esteem,Respect,Heap Up,Pile Up,Nest Of Boxes,-fold
集;8;N4;WK10;G3;FQ210;あつ.まる,あつ.める,つど.う;しゅう;Gather,Meet,Congregate,Swarm,Flock
物;8;N4;WK9;G3;FQ215;もの,もの-;ぶつ,もつ;Thing,Object,Matter
使;8;N4;WK9;G3;FQ219;つか.う,つか.い,-つか.い,-づか.い;し;Use,Send On A Mission,Order,Messenger,Envoy,Ambassador,Cause
所;8;N3;WK8;G3;FQ221;ところ,-ところ,どころ,とこ;しょ;Place,Extent
次;8;N3;WK6;G3;FQ222;つ.ぐ,つぎ;じ,し;Next,Order,Sequence
品;8;N4;WK16;G3;FQ225;しな;ひん,ほん;Goods,Refinement,Dignity,Article,Counter For Meal Courses
死;8;N4;WK6;G3;FQ229;し.ぬ,し.に-;し;Death,Die
係;8;N3;WK16;G3;FQ232;かか.る,かかり,-がかり,かか.わる;けい;Person In Charge,Connection,Duty,Concern Oneself
感;8;N3;WK13;G3;FQ233;;かん;Emotion,Feeling,Sensation
投;8;N3;WK8;G3;FQ236;な.げる,-な.げ;とう;Throw,Discard,Abandon,Launch Into,Join,Invest In,Hurl,Give Up,Sell At A Loss
打;8;N3;WK4;G3;FQ239;う.つ,う.ち-,ぶ.つ;だ,だあす;Strike,Hit,Knock,Pound,Dozen
始;8;N4;WK10;G3;FQ244;はじ.める,-はじ.める,はじ.まる;し;Commence,Begin
島;8;N2;WK12;G3;FQ245;しま;とう;Island
両;8;N3;WK6;G3;FQ247;てる,ふたつ;りょう;Both,Old Japanese Coin,Counter For Carriages (e.g., In A Train),Two
式;8;N3;WK15;G3;FQ251;;しき;Style,Ceremony,Rite,Function,Method,System,Form,Expression
運;8;N4;WK10;G3;FQ255;はこ.ぶ;うん;Carry,Luck,Destiny,Fate,Lot,Transport,Progress,Advance
終;8;N4;WK10;G3;FQ256;お.わる,-お.わる,おわ.る,お.える,つい,つい.に;しゅう;End,Finish
住;8;N4;WK8;G3;FQ270;す.む,す.まう,-ず.まい;じゅう,ぢゅう,ちゅう;Dwell,Reside,Live,Inhabit
談;8;N3;WK9;G3;FQ272;;だん;Discuss,Talk
真;8;N4;WK16;G3;FQ279;ま,ま-,まこと;しん;True,Reality,Buddhist Sect
流;8;N3;WK12;G3;FQ280;なが.れる,なが.れ,なが.す,-なが.す;りゅう,る;Current,A Sink,Flow,Forfeit
有;8;N4;WK6;G3;FQ282;あ.る;ゆう,う;Possess,Have,Exist,Happen,Occur,Approx
局;8;N3;WK8;G3;FQ286;つぼね;きょく;Bureau,Board,Office,Affair,Conclusion,Court Lady,Lady-in-waiting,Her Apartment
放;8;N3;WK11;G3;FQ288;はな.す,-っぱな.し,はな.つ,はな.れる,こ.く,ほう.る;ほう;Set Free,Release,Fire,Shoot,Emit,Banish,Liberate
球;8;N3;WK12;G3;FQ302;たま;きゅう;Ball,Sphere
急;8;N4;WK16;G3;FQ309;いそ.ぐ,いそ.ぎ,せ.く;きゅう;Hurry,Emergency,Sudden,Steep
送;8;N4;WK9;G3;FQ311;おく.る;そう;Escort,Send
役;8;N3;WK8;G3;FQ315;;やく,えき;Duty,War,Campaign,Drafted Labor,Office,Service,Role
身;8;;WK8;G3;FQ320;み;しん;Somebody,Person,One's Station In Life
由;8;N3;WK7;G3;FQ325;よし,よ.る;ゆ,ゆう,ゆい;Wherefore,A Reason
転;8;N4;WK10;G3;FQ327;ころ.がる,ころ.げる,ころ.がす,ころ.ぶ,まろ.ぶ,うたた,うつ.る,くる.めく;てん;Revolve,Turn Around,Change
研;8;N4;WK8;G3;FQ336;と.ぐ;けん;Polish,Study Of,Sharpen
消;8;N3;WK12;G3;FQ345;き.える,け.す;しょう;Extinguish,Blow Out,Turn Off,Neutralize,Cancel
神;8;N3;WK11;G3;FQ347;かみ,かん-,こう-;しん,じん;Gods,Mind,Soul
配;8;N3;WK10;G3;FQ359;くば.る;はい;Distribute,Spouse,Exile,Rationing
宮;8;N1;WK22;G3;FQ367;みや;きゅう,ぐう,く,くう;Shinto Shrine,Constellations,Palace,Princess
究;8;N4;WK8;G3;FQ368;きわ.める;きゅう,く;Research,Study
育;8;N3;WK11;G3;FQ369;そだ.つ,そだ.ち,そだ.てる,はぐく.む;いく;Bring Up,Grow Up,Raise,Rear
起;8;N4;WK10;G3;FQ374;お.きる,お.こる,お.こす,おこ.す,た.つ;き;Rouse,Wake Up,Get Up
着;8;N4;WK12;G3;FQ376;き.る,-ぎ,き.せる,-き.せ,つ.く,つ.ける;ちゃく,じゃく;Don,Arrive,Wear,Counter For Suits Of Clothing
乗;8;N3;WK9;G3;FQ377;の.る,-の.り,の.せる;じょう,しょう;Ride,Power,Multiplication,Record,Counter For Vehicles,Board,Mount,Join
想;8;N3;WK13;G3;FQ381;おも.う;そう,そ;Concept,Think,Idea,Thought
病;8;N4;WK10;G3;FQ384;や.む,-や.み,やまい;びょう,へい;Ill,Sick
農;8;N2;WK10;G3;FQ385;;のう;Agriculture,Farmers
州;8;N2;WK6;G3;FQ386;す;しゅう,す;State,Province
待;8;N4;WK12;G3;FQ391;ま.つ,-ま.ち;たい;Wait,Depend On
族;8;N4;WK12;G3;FQ393;;ぞく;Tribe,Family
銀;8;N4;WK13;G3;FQ395;しろがね;ぎん;Silver
助;8;N3;WK8;G3;FQ397;たす.ける,たす.かる,す.ける,すけ;じょ;Help,Rescue,Assist
追;8;N3;WK11;G3;FQ411;お.う;つい;Chase,Drive Away,Follow,Pursue,Meanwhile
商;8;N3;WK12;G3;FQ413;あきな.う;しょう;Make A Deal,Selling,Dealing In,Merchant
葉;8;N3;WK10;G3;FQ414;は;よう;Leaf,Plane,Lobe,Needle,Blade,Spear,Counter For Flat Things,Fragment,Piece
落;8;N3;WK10;G3;FQ420;お.ちる,お.ち,お.とす;らく;Fall,Drop,Come Down,Village,Hamlet
医;8;N4;WK8;G3;FQ437;い.やす,い.する,くすし;い;Doctor,Medicine
仕;8;N4;WK4;G3;FQ439;つか.える;し,じ;Attend,Doing,Official,Serve
去;8;N4;WK4;G3;FQ440;さ.る,-さ.る;きょ,こ;Gone,Past,Quit,Leave,Elapse,Eliminate,Divorce
味;8;N4;WK11;G3;FQ442;あじ,あじ.わう;み;Flavor,Taste
負;8;N3;WK9;G3;FQ443;ま.ける,ま.かす,お.う;ふ;Defeat,Negative,-,Minus,Bear,Owe,Assume A Responsibility
写;8;N4;WK4;G3;FQ453;うつ.す,うつ.る,うつ-,うつ.し;しゃ,じゃ;Copy,Be Photographed,Describe
守;8;N3;WK16;G3;FQ457;まも.る,まも.り,もり,-もり,かみ;しゅ,す;Guard,Protect,Defend,Obey
美;8;N3;WK9;G3;FQ462;うつく.しい;び,み;Beauty,Beautiful
命;8;N3;WK11;G3;FQ465;いのち;めい,みょう;Fate,Command,Decree,Destiny,Life,Appoint
福;8;N3;WK13;G3;FQ467;;ふく;Blessing,Fortune,Luck,Wealth
整;8;N1;WK13;G3;FQ478;ととの.える,ととの.う;せい;Organize,Arranging,Tune,Tone,Meter,Key (music)
横;8;N3;WK10;G3;FQ480;よこ;おう;Sideways,Side,Horizontal,Width,Woof,Unreasonable,Perverse
深;8;N3;WK12;G3;FQ484;ふか.い,-ぶか.い,ふか.まる,ふか.める,み-;しん;Deep,Heighten,Intensify,Strengthen
申;8;N3;WK4;G3;FQ492;もう.す,もう.し-,さる;しん;Have The Honor To,Sign Of The Monkey,3-5pm,Ninth Sign Of Chinese Zodiac
様;8;N3;WK13;G3;FQ493;さま,さん;よう,しょう;Esq.,Way,Manner,Situation,Polite Suffix
港;8;N3;WK12;G3;FQ495;みなと;こう;Harbor
注;8;N4;WK11;G3;FQ497;そそ.ぐ,さ.す,つ.ぐ;ちゅう;Pour,Irrigate,Shed (tears),Flow Into,Concentrate On,Notes,Comment,Annotate
階;8;N2;WK12;G3;FQ513;きざはし;かい;Storey,Stair,Counter For Storeys Of A Building
路;8;N3;WK10;G3;FQ529;-じ,みち;ろ,る;Path,Route,Road,Distance
悪;8;N4;WK12;G3;FQ530;わる.い,わる-,あ.し,にく.い,-にく.い,ああ,いずくに,いずくんぞ,にく.む;あく,お;Bad,Vice,Rascal,False,Evil,Wrong
他;8;N3;WK4;G3;FQ543;ほか;た;Other,Another,The Others
橋;8;N2;WK13;G3;FQ553;はし;きょう;Bridge
岸;8;N2;WK11;G3;FQ556;きし;がん;Beach
客;8;N3;WK9;G3;FQ557;;きゃく,かく;Guest,Visitor,Customer,Client
登;8;N3;WK12;G3;FQ566;のぼ.る,あ.がる;とう,と,どう,しょう,ちょう;Ascend,Climb Up
速;8;N3;WK10;G3;FQ576;はや.い,はや-,はや.める,すみ.やか;そく;Quick,Fast
央;8;N2;WK4;G3;FQ582;;おう;Center,Middle
号;8;N3;WK4;G3;FQ585;さけ.ぶ,よびな;ごう;Nickname,Number,Item,Title,Pseudonym,Name,Call
館;8;N4;WK13;G3;FQ613;やかた,たて;かん;Building,Mansion,Large Building,Palace
屋;8;N4;WK9;G3;FQ616;や;おく;Roof,House,Shop,Dealer,Seller
根;8;N2;WK12;G3;FQ620;ね,-ね;こん;Root,Radical,Head (pimple)
苦;8;N3;WK9;G3;FQ623;くる.しい,-ぐる.しい,くる.しむ,くる.しめる,にが.い,にが.る;く;Suffering,Trial,Worry,Hardship,Feel Bitter,Scowl
具;8;N3;WK9;G3;FQ629;そな.える,つぶさ.に;ぐ;Tool,Utensil,Means,Possess,Ingredients,Counter For Armor, Suits, Sets Of Furniture
鉄;8;N2;WK10;G3;FQ672;くろがね;てつ;Iron
返;8;N3;WK9;G3;FQ685;かえ.す,-かえ.す,かえ.る,-かえ.る;へん;Return,Answer,Fade,Repay
短;8;N2;WK12;G3;FQ689;みじか.い;たん;Short,Brevity,Fault,Defect,Weak Point
油;8;N2;WK35;G3;FQ690;あぶら;ゆ,ゆう;Oil,Fat
昭;8;N1;WK37;G3;FQ697;;しょう;Shining,Bright
植;8;N2;WK12;G3;FQ699;う.える,う.わる;しょく;Plant
宿;8;N3;WK13;G3;FQ701;やど,やど.る,やど.す;しゅく;Inn,Lodging,Relay Station,Dwell,Lodge,Be Pregnant,Home,Dwelling
薬;8;N3;WK17;G3;FQ702;くすり;やく;Medicine,Chemical,Enamel,Gunpowder,Benefit
習;8;N4;WK10;G3;FQ706;なら.う,なら.い;しゅう,じゅ;Learn
倍;8;N2;WK12;G3;FQ714;;ばい;Double,Twice,Times,Fold
駅;8;N4;WK13;G3;FQ724;;えき;Station
波;8;N2;WK11;G3;FQ740;なみ;は;Waves,Billows,Poland
洋;8;N4;WK11;G3;FQ763;;よう;Ocean,Sea,Foreign,Western Style
旅;8;N4;WK12;G3;FQ783;たび;りょ;Trip,Travel
級;8;N1;WK11;G3;FQ785;;きゅう;Class,Rank,Grade
幸;8;N3;WK16;G3;FQ786;さいわ.い,さち,しあわ.せ;こう;Happiness,Blessing,Fortune
練;8;N2;WK13;G3;FQ788;ね.る,ね.り;れん;Practice,Gloss,Train,Drill,Polish,Refine
軽;8;N2;WK10;G3;FQ790;かる.い,かろ.やか,かろ.んじる;けい,きょう,きん;Lightly,Trifling,Unimportant
等;8;N3;WK18;G3;FQ798;ひと.しい,など,-ら;とう;Etc.,And So Forth,Class (first),Quality,Equal,Similar
曲;8;N3;WK6;G3;FQ810;ま.がる,ま.げる,くま;きょく;Bend,Music,Melody,Composition,Pleasure,Injustice,Fault,Curve,Crooked,Perverse,Lean
庭;8;N3;WK12;G3;FQ816;にわ;てい;Courtyard,Garden,Yard
血;8;N2;WK6;G3;FQ832;ち;けつ;Blood
温;8;N2;WK12;G3;FQ838;あたた.か,あたた.かい,あたた.まる,あたた.める,ぬく;おん;Warm
庫;8;N2;WK28;G3;FQ852;くら;こ,く;Warehouse,Storehouse
坂;8;N2;WK15;G3;FQ865;さか;はん;Slope,Incline,Hill
服;8;N4;WK9;G3;FQ873;;ふく;Clothing,Admit,Obey,Discharge
息;8;N3;WK12;G3;FQ882;いき;そく;Breath,Respiration,Son,Interest (on Money)
板;8;N2;WK29;G3;FQ926;いた;はん,ばん;Plank,Board,Plate,Stage
列;8;N3;WK15;G3;FQ927;;れつ,れ;File,Row,Rank,Tier,Column
遊;8;N3;WK30;G3;FQ941;あそ.ぶ,あそ.ばす;ゆう,ゆ;Play
君;8;N3;WK8;G3;FQ947;きみ,-ぎみ;くん;Mister,You,Ruler,Male Name Suffix
飲;8;N4;WK10;G3;FQ969;の.む,-の.み;いん,おん;Drink,Smoke,Take
章;8;N2;WK12;G3;FQ990;;しょう;Badge,Chapter,Composition,Poem,Design
酒;8;N3;WK10;G3;FQ1006;さけ,さか-;しゅ;Sake,Alcohol
悲;8;N3;WK17;G3;FQ1014;かな.しい,かな.しむ;ひ;Grieve,Sad,Deplore,Regret
秒;8;N2;WK11;G3;FQ1015;;びょう;Second (1/60 Minute)
暗;8;N3;WK13;G3;FQ1040;くら.い,くら.む,くれ.る;あん;Darkness,Disappear,Shade,Informal,Grow Dark,Be Blinded
勉;8;N4;WK12;G3;FQ1066;つと.める;べん;Exertion,Endeavour,Encourage,Strive,Make Effort,Diligent
陽;8;N3;WK12;G3;FQ1071;ひ;よう;Sunshine,Yang Principle,Positive,Male,Heaven,Daytime
皮;8;N2;WK5;G3;FQ1092;かわ;ひ;Pelt,Skin,Hide,Leather,Skin Radical (no. 107)
歯;8;N3;WK12;G3;FQ1106;よわい,は,よわ.い,よわい.する;し;Tooth,Cog
柱;8;N2;WK40;G3;FQ1119;はしら;ちゅう;Pillar,Post,Cylinder,Support
祭;8;N2;WK12;G3;FQ1124;まつ.る,まつ.り,まつり;さい;Ritual,Offer Prayers,Celebrate,Deify,Enshrine,Worship
筆;8;N2;WK26;G3;FQ1132;ふで;ひつ;Writing Brush,Writing,Painting Brush,Handwriting
童;8;N2;WK12;G3;FQ1138;わらべ;どう;Juvenile,Child
畑;8;;WK41;G3;FQ1176;はた,はたけ,-ばたけ;;Farm,Field,Garden,One's Specialty,(kokuji)
緑;8;N2;WK13;G3;FQ1180;みどり;りょく,ろく;Green
礼;8;N3;WK4;G3;FQ1185;;れい,らい;Salute,Bow,Ceremony,Thanks,Remuneration
詩;8;N1;WK13;G3;FQ1196;うた;し;Poem,Poetry
昔;8;N3;WK11;G3;FQ1197;むかし;せき,しゃく;Once Upon A Time,Antiquity,Old Times
泳;8;N3;WK9;G3;FQ1223;およ.ぐ;えい;Swim
荷;8;N2;WK16;G3;FQ1230;に;か;Baggage,Shoulder-pole Load,Bear (a Burden),Shoulder (a Gun),Load,Cargo,Freight
炭;8;N2;WK41;G3;FQ1307;すみ;たん;Charcoal,Coal
丁;8;N1;WK2;G3;FQ1312;ひのと;ちょう,てい,ちん,とう,ち;Street,Ward,Town,Counter For Guns, Tools, Leaves Or Cakes Of Something,Even Number,4th Calendar Sign
湖;8;N2;WK35;G3;FQ1344;みずうみ;こ;Lake
湯;8;N2;WK12;G3;FQ1356;ゆ;とう;Hot Water,Bath,Hot Spring
箱;8;N3;WK16;G3;FQ1357;はこ;そう;Box,Chest,Case,Bin,Railway Car
豆;8;N1;WK34;G3;FQ1422;まめ,まめ-;とう,ず;Beans,Pea,Midget
暑;8;N1;WK12;G3;FQ1442;あつ.い;しょ;Sultry,Hot,Summer Heat
氷;8;N2;WK4;G3;FQ1450;こおり,ひ,こお.る;ひょう;Icicle,Ice,Hail,Freeze,Congeal
寒;8;N3;WK12;G3;FQ1456;さむ.い;かん;Cold
帳;8;N1;WK48;G3;FQ1459;とばり;ちょう;Notebook,Account Book,Album,Curtain,Veil,Net,Tent
拾;8;N2;WK11;G3;FQ1479;ひろ.う;しゅう,じゅう;Pick Up,Gather,Find,Go On Foot,Ten
漢;8;N4;WK10;G3;FQ1487;;かん;Sino-,China
鼻;8;N2;WK17;G3;FQ1632;はな;び;Nose,Snout
皿;8;N2;WK4;G3;FQ1812;さら;べい;Dish,A Helping,Plate
羊;8;N1;WK6;G3;FQ1852;ひつじ;よう;Sheep
笛;8;N1;WK19;G3;FQ1928;ふえ;てき;Flute,Clarinet,Pipe,Whistle,Bagpipe,Piccolo
議;7;N3;WK20;G4;FQ25;;ぎ;Deliberation,Consultation,Debate,Consideration
民;7;N3;WK7;G4;FQ28;たみ;みん;People,Nation,Subjects
連;7;N3;WK19;G4;FQ30;つら.なる,つら.ねる,つ.れる,-づ.れ;れん;Take Along,Lead,Join,Connect,Party,Gang,Clique
選;7;N3;WK13;G4;FQ57;えら.ぶ;せん;Elect,Select,Choose,Prefer
関;7;N3;WK16;G4;FQ70;せき,-ぜき,かか.わる,からくり,かんぬき;かん;Connection,Barrier,Gateway,Involve,Concerning
戦;7;N3;WK11;G4;FQ78;いくさ,たたか.う,おのの.く,そよ.ぐ,わなな.く;せん;War,Battle,Match
最;7;N3;WK10;G4;FQ82;もっと.も,つま;さい,しゅ;Utmost,Most,Extreme
氏;7;N1;WK7;G4;FQ84;うじ,-うじ;し;Family Name,Surname,Clan
約;7;N3;WK14;G4;FQ94;つづ.まる,つづ.める,つづま.やか;やく;Promise,Approximately,Shrink
法;7;N3;WK15;G4;FQ100;のり;ほう,はっ,ほっ,ふらん;Method,Law,Rule,Principle,Model,System
不;7;N4;WK4;G4;FQ101;;ふ,ぶ;Negative,Non-,Bad,Ugly,Clumsy
的;7;;WK14;G4;FQ105;まと;てき;Bull's Eye,Mark,Target,Object,Adjective Ending
要;7;N3;WK9;G4;FQ106;い.る,かなめ;よう;Need,Main Point,Essence,Pivot,Key To
治;7;N3;WK16;G4;FQ109;おさ.める,おさ.まる,なお.る,なお.す;じ,ち;Reign,Be At Peace,Calm Down,Subdue,Quell,Govt,Cure,Heal,Rule,Conserve
成;7;N3;WK11;G4;FQ116;な.る,な.す,-な.す;せい,じょう;Turn Into,Become,Get,Grow,Elapse,Reach
協;7;N2;WK14;G4;FQ121;;きょう;Co-,Cooperation
以;7;N4;WK7;G4;FQ126;もっ.て;い;By Means Of,Because,In View Of,Compared With
機;7;N3;WK20;G4;FQ127;はた;き;Loom,Mechanism,Machine,Airplane,Opportunity,Potency,Efficacy,Occasion
加;7;N3;WK19;G4;FQ130;くわ.える,くわ.わる;か;Add,Addition,Increase,Join,Include,Canada
続;7;N3;WK19;G4;FQ141;つづ.く,つづ.ける,つぐ.ない;ぞく,しょく,こう,きょう;Continue,Series,Sequel
改;7;N2;WK19;G4;FQ147;あらた.める,あらた.まる;かい;Reformation,Change,Modify,Mend,Renew,Examine,Inspect,Search
初;7;N3;WK11;G4;FQ152;はじ.め,はじ.めて,はつ,はつ-,うい-,-そ.める,-ぞ.め;しょ;First Time,Beginning
産;7;N3;WK20;G4;FQ161;う.む,う.まれる,うぶ-,む.す;さん;Products,Bear,Give Birth,Yield,Childbirth,Native,Property
結;7;N1;WK17;G4;FQ162;むす.ぶ,ゆ.う,ゆ.わえる;けつ,けち;Tie,Bind,Contract,Join,Organize,Do Up Hair,Fasten
府;7;N2;WK16;G4;FQ170;;ふ;Borough,Urban Prefecture,Govt Office,Representative Body,Storehouse
共;7;N3;WK11;G4;FQ174;とも,とも.に,-ども;きょう;Together,Both,Neither,All,And,Alike,With
得;7;N3;WK19;G4;FQ175;え.る,う.る;とく;Gain,Get,Find,Earn,Acquire,Can,May,Able To,Profit,Advantage,Benefit
告;7;N3;WK18;G4;FQ188;つ.げる;こく;Revelation,Tell,Inform,Announce
軍;7;N2;WK15;G4;FQ189;いくさ;ぐん;Army,Force,Troops,War,Battle
参;7;N3;WK14;G4;FQ201;まい.る,まい-,まじわる,みつ;さん,しん;Nonplussed,Three (in Documents),Going,Coming,Visiting,Visit,Be Defeated,Die,Be Madly In Love,Participate,Take Part In
利;7;N3;WK11;G4;FQ203;き.く;り;Profit,Advantage,Benefit
案;7;N1;WK22;G4;FQ206;つくえ;あん;Plan,Suggestion,Draft,Ponder,Fear,Proposition,Idea,Expectation,Worry,Table,Bench
信;7;N3;WK15;G4;FQ208;;しん;Faith,Truth,Fidelity,Trust
別;7;N4;WK11;G4;FQ214;わか.れる,わ.ける;べつ;Separate,Branch Off,Diverge,Fork,Another,Extra,Specially
側;7;N3;WK17;G4;FQ216;かわ,がわ,そば;そく;Side,Lean,Oppose,Regret
求;7;N3;WK10;G4;FQ220;もと.める;きゅう,ぐ;Request,Want,Wish For,Require,Demand
昨;7;N3;WK15;G4;FQ226;;さく;Yesterday,Previous
官;7;N3;WK17;G4;FQ230;;かん;Bureaucrat,The Government,Organ
特;7;N4;WK11;G4;FQ234;;とく;Special
変;7;N3;WK15;G4;FQ238;か.わる,か.わり,か.える;へん;Unusual,Change,Strange
各;7;N2;WK22;G4;FQ243;おのおの;かく;Each,Every,Either
挙;7;N1;WK21;G4;FQ257;あ.げる,あ.がる,こぞ.る;きょ;Raise,Plan,Project,Behavior,Actions
果;7;N3;WK17;G4;FQ258;は.たす,はた.す,-は.たす,は.てる,-は.てる,は.て;か;Fruit,Reward,Carry Out,Achieve,Complete,End,Finish,Succeed
必;7;N3;WK7;G4;FQ265;かなら.ず;ひつ;Invariably,Certain,Inevitable
争;7;N3;WK11;G4;FQ271;あらそ.う,いか.でか;そう;Contend,Dispute,Argue
無;7;;WK17;G4;FQ274;な.い;む,ぶ;Nothingness,None,Ain't,Nothing,Nil,Not
位;7;N3;WK11;G4;FQ276;くらい,ぐらい;い;Rank,Grade,Throne,Crown,About,Some
置;7;N3;WK22;G4;FQ277;お.く,-お.き;ち;Placement,Put,Set,Deposit,Leave Behind,Keep,Employ,Pawn
料;7;N4;WK13;G4;FQ295;;りょう;Fee,Materials
建;7;N4;WK15;G4;FQ300;た.てる,た.て,-だ.て,た.つ;けん,こん;Build
費;7;N3;WK22;G4;FQ321;つい.やす,つい.える;ひ;Expense,Cost,Spend,Consume,Waste
付;7;N3;WK7;G4;FQ322;つ.ける,-つ.ける,-づ.ける,つ.け,つ.け-,-つ.け,-づ.け,-づけ,つ.く,-づ.く,つ.き,-つ.き,-つき,-づ.き,-づき;ふ;Adhere,Attach,Refer To,Append
説;7;N3;WK17;G4;FQ326;と.く;せつ,ぜい;Opinion,Theory,Explanation,Rumor
夫;7;N3;WK15;G4;FQ335;おっと,それ;ふ,ふう,ぶ;Husband,Man
害;7;N3;WK20;G4;FQ358;;がい;Harm,Injury
副;7;N2;WK22;G4;FQ360;;ふく;Vice-,Assistant,Aide,Duplicate,Copy
席;7;N3;WK17;G4;FQ370;むしろ;せき;Seat,Mat,Occasion,Place
残;7;N3;WK14;G4;FQ380;のこ.る,のこ.す,そこな.う,のこ.り;ざん,さん;Remainder,Leftover,Balance
念;7;N3;WK14;G4;FQ390;;ねん;Wish,Sense,Idea,Thought,Feeling,Desire,Attention
試;7;N4;WK9;G4;FQ392;こころ.みる,ため.す;し;Test,Try,Attempt,Experiment,Ordeal
象;7;N2;WK24;G4;FQ394;かたど.る;しょう,ぞう;Elephant,Pattern After,Imitate,Image,Shape,Sign (of The Times)
労;7;N3;WK11;G4;FQ398;ろう.する,いたわ.る,いた.ずき,ねぎら,つか.れる,ねぎら.う;ろう;Labor,Thank For,Reward For,Toil,Trouble
例;7;N3;WK14;G4;FQ399;たと.える;れい;Example,Custom,Usage,Precedent
然;7;N3;WK13;G4;FQ401;しか,しか.り,しか.し,さ;ぜん,ねん;Sort Of Thing,So,If So,In That Case,Well
験;7;N4;WK9;G4;FQ410;あかし,しるし,ため.す,ためし;けん,げん;Verification,Effect,Testing
伝;7;N3;WK11;G4;FQ416;つた.わる,つた.える,つた.う,つだ.う,-づた.い,つて;でん,てん;Transmit,Go Along,Walk Along,Follow,Report,Communicate,Legend,Tradition
働;7;N3;WK11;G4;FQ417;はたら.く;どう;Work,(kokuji)
景;7;N3;WK25;G4;FQ419;;けい;Scenery,View
好;7;N3;WK11;G4;FQ423;この.む,す.く,よ.い,い.い;こう;Fond,Pleasing,Like Something
賞;7;N2;WK13;G4;FQ426;ほ.める;しょう;Prize,Reward,Praise
辺;7;N2;WK7;G4;FQ428;あた.り,ほと.り,-べ;へん;Environs,Boundary,Border,Vicinity
英;7;N4;WK15;G4;FQ430;はなぶさ;えい;England,English,Hero,Outstanding,Calyx
低;7;N2;WK11;G4;FQ435;ひく.い,ひく.める,ひく.まる;てい;Lower,Short,Humble
失;7;N3;WK7;G4;FQ447;うしな.う,う.せる;しつ;Lose,Error,Fault,Disadvantage,Loss
差;7;N3;WK24;G4;FQ449;さ.す,さ.し;さ;Distinction,Difference,Variation,Discrepancy,Margin,Balance
課;7;N2;WK13;G4;FQ455;;か;Chapter,Lesson,Section,Department,Division,Counter For Chapters (of A Book)
末;7;N3;WK7;G4;FQ456;すえ;まつ,ばつ;End,Close,Tip,Powder,Posterity
極;7;N2;WK27;G4;FQ460;きわ.める,きわ.まる,きわ.まり,きわ.み,き.める,-ぎ.め,き.まる;きょく,ごく;Poles,Settlement,Conclusion,End,Highest Rank,Electric Poles,Very,Extremely,Most,Highly,10**48
種;7;N3;WK18;G4;FQ461;たね,-ぐさ;しゅ;Species,Kind,Class,Variety,Seed
量;7;N2;WK24;G4;FQ469;はか.る;りょう;Quantity,Measure,Weight,Amount,Consider,Estimate,Surmise
望;7;N3;WK14;G4;FQ470;のぞ.む,もち;ぼう,もう;Ambition,Full Moon,Hope,Desire,Aspire To,Expect
松;7;N1;WK14;G4;FQ471;まつ;しょう;Pine Tree
観;7;N3;WK22;G4;FQ476;み.る,しめ.す;かん;Outlook,Look,Appearance,Condition,View
察;7;N3;WK17;G4;FQ477;;さつ;Guess,Presume,Surmise,Judge,Understand
型;7;N2;WK24;G4;FQ482;かた,-がた;けい;Mould,Type,Model
票;7;N1;WK25;G4;FQ489;;ひょう;Ballot,Label,Ticket,Sign
達;7;N3;WK18;G4;FQ500;-たち;たつ,だ;Accomplished,Reach,Arrive,Attain
良;7;N3;WK11;G4;FQ501;よ.い,-よ.い,い.い,-い.い;りょう;Good,Pleasing,Skilled
候;7;N3;WK25;G4;FQ510;そうろう;こう;Climate,Season,Weather,Wait For,Expect
史;7;N2;WK19;G4;FQ511;;し;History,Chronicle
満;7;N3;WK25;G4;FQ515;み.ちる,み.つ,み.たす;まん,ばん;Full,Fullness,Enough,Satisfy
敗;7;N3;WK17;G4;FQ516;やぶ.れる;はい;Failure,Defeat,Reversal
管;7;N2;WK24;G4;FQ517;くだ;かん;Pipe,Tube,Wind Instrument,Drunken Talk,Control,Jurisdiction
兵;7;N2;WK17;G4;FQ522;つわもの;へい,ひょう;Soldier,Private,Troops,Army,Warfare,Strategy,Tactics
器;7;N1;WK13;G4;FQ525;うつわ;き;Utensil,Vessel,Receptacle,Implement,Instrument,Ability,Container,Tool,Set
士;7;N1;WK13;G4;FQ526;さむらい;し;Gentleman,Scholar,Samurai,Samurai Radical (no. 33)
積;7;N3;WK29;G4;FQ541;つ.む,-づ.み,つ.もる,つ.もり;せき;Volume,Product (x*y),Acreage,Contents,Pile Up,Stack,Load,Amass
録;7;N2;WK28;G4;FQ546;しる.す,と.る;ろく;Record
省;7;N2;WK21;G4;FQ548;かえり.みる,はぶ.く;せい,しょう;Focus,Government Ministry,Conserve
周;7;N2;WK14;G4;FQ562;まわ.り;しゅう;Circumference,Circuit,Lap
材;7;N2;WK14;G4;FQ565;;ざい;Lumber,Log,Timber,Wood,Materials,Ingredients,Talent
健;7;N1;WK27;G4;FQ572;すこ.やか;けん;Healthy,Health,Strength,Persistence
飛;7;N3;WK20;G4;FQ580;と.ぶ,と.ばす,-と.ばす;ひ;Fly,Skip (pages),Scatter
殺;7;N3;WK13;G4;FQ581;ころ.す,-ごろ.し,そ.ぐ;さつ,さい,せつ;Kill,Murder,Butcher,Slice Off,Split,Diminish,Reduce,Spoil
単;7;N3;WK15;G4;FQ586;ひとえ;たん;Simple,One,Single,Merely
完;7;N3;WK14;G4;FQ595;;かん;Perfect,Completion,End
隊;7;N1;WK28;G4;FQ605;;たい;Regiment,Party,Company,Squad
競;7;N2;WK11;G4;FQ610;きそ.う,せ.る,くら.べる;きょう,けい;Emulate,Compete With,Bid,Sell At Auction,Bout,Contest,Race
給;7;N3;WK27;G4;FQ615;たま.う,たも.う,-たま.え;きゅう;Salary,Wage,Gift,Allow,Grant,Bestow On
歴;7;N2;WK19;G4;FQ632;;れき,れっき;Curriculum,Continuation,Passage Of Time
辞;7;N3;WK16;G4;FQ633;や.める,いな.む;じ;Resign,Word,Term,Expression
愛;7;N3;WK17;G4;FQ640;いと.しい,かな.しい,め.でる,お.しむ,まな;あい;Love,Affection,Favourite
未;7;N3;WK7;G4;FQ650;いま.だ,ま.だ,ひつじ;み,び;Un-,Not Yet,Hitherto,Still,Even Now,Sign Of The Ram,1-3pm,Eighth Sign Of Chinese Zodiac
航;7;N2;WK29;G4;FQ665;;こう;Navigate,Sail,Cruise,Fly
冷;7;N3;WK28;G4;FQ667;つめ.たい,ひ.える,ひ.や,ひ.ややか,ひ.やす,ひ.やかす,さ.める,さ.ます;れい;Cool,Cold (beer, Person),Chill
類;7;N3;WK18;G4;FQ678;たぐ.い;るい;Sort,Kind,Variety,Class,Genus
児;7;N2;WK28;G4;FQ679;こ,-こ,-っこ;じ,に,げい;Newborn Babe,Child,Young Of Animals
印;7;N2;WK26;G4;FQ682;しるし,-じるし,しる.す;いん;Stamp,Seal,Mark,Imprint,Symbol,Emblem,Trademark,Evidence,Souvenir,India
標;7;N1;WK13;G4;FQ686;しるべ,しるし;ひょう;Signpost,Seal,Mark,Stamp,Imprint,Symbol,Emblem,Trademark,Evidence,Souvenir,Target
輪;7;N2;WK13;G4;FQ693;わ;りん;Wheel,Ring,Circle,Link,Loop,Counter For Wheels And Flowers
熱;7;N3;WK13;G4;FQ700;あつ.い;ねつ;Heat,Temperature,Fever,Mania,Passion
清;7;N2;WK28;G4;FQ705;きよ.い,きよ.まる,きよ.める;せい,しょう,しん;Pure,Purify,Cleanse,Exorcise,Manchu Dynasty
覚;7;N3;WK17;G4;FQ710;おぼ.える,さ.ます,さ.める,さと.る;かく;Memorize,Learn,Remember,Awake,Sober Up
億;7;N2;WK13;G4;FQ716;;おく;Hundred Million,10**8
芸;7;N2;WK14;G4;FQ719;う.える,のり,わざ;げい,うん;Technique,Art,Craft,Performance,Acting,Trick,Stunt
便;7;N3;WK11;G4;FQ729;たよ.り;べん,びん;Convenience,Facility,Excrement,Feces,Letter,Chance
停;7;N2;WK23;G4;FQ733;と.める,と.まる;てい;Halt,Stopping
陸;7;N2;WK31;G4;FQ736;おか;りく,ろく;Land,Six
帯;7;N2;WK31;G4;FQ746;お.びる,おび;たい;Sash,Belt,Obi,Zone,Region
努;7;N3;WK11;G4;FQ749;つと.める;ど;Toil,Diligent,As Much As Possible
固;7;N2;WK14;G4;FQ750;かた.める,かた.まる,かた.まり,かた.い;こ;Harden,Set,Clot,Curdle
散;7;N3;WK31;G4;FQ758;ち.る,ち.らす,-ち.らす,ち.らかす,ち.らかる,ち.らばる,ばら,ばら.ける;さん;Scatter,Disperse,Spend,Squander
司;7;N1;WK15;G4;FQ759;つかさど.る;し;Director,Official,Govt Office,Rule,Administer
康;7;N1;WK27;G4;FQ760;;こう;Ease,Peace
静;7;N3;WK18;G4;FQ764;しず-,しず.か,しず.まる,しず.める;せい,じょう;Quiet
喜;7;N3;WK17;G4;FQ769;よろこ.ぶ,よろこ.ばす;き;Rejoice,Take Pleasure In
囲;7;N2;WK14;G4;FQ771;かこ.む,かこ.う,かこ.い;い;Surround,Besiege,Store,Paling,Enclosure,Encircle,Preserve,Keep
卒;7;N2;WK14;G4;FQ772;そっ.する,お.える,お.わる,ついに,にわか;そつ,しゅつ;Graduate,Soldier,Private,Die
順;7;N2;WK19;G4;FQ779;;じゅん;Obey,Order,Turn,Right,Docility,Occasion
紀;7;N1;WK15;G4;FQ780;;き;Chronicle,Account,Narrative,History,Annals,Geologic Period
博;7;N1;WK28;G4;FQ794;;はく,ばく;Dr.,Command,Esteem,Win Acclaim,Ph.d.,Exposition,Fair
救;7;N1;WK31;G4;FQ799;すく.う;きゅう;Salvation,Save,Help,Rescue,Reclaim
老;7;N3;WK11;G4;FQ803;お.いる,ふ.ける;ろう;Old Man,Old Age,Grow Old
令;7;N2;WK11;G4;FQ804;;れい;Orders,Ancient Laws,Command,Decree
徒;7;N3;WK19;G4;FQ817;いたずら,あだ;と;On Foot,Junior,Emptiness,Vanity,Futility,Uselessness,Ephemeral Thing,Gang,Set,Party,People
貨;7;N2;WK31;G4;FQ822;たから;か;Freight,Goods,Property
季;7;N2;WK14;G4;FQ842;;き;Seasons
功;7;N1;WK11;G4;FQ857;いさお;こう,く;Achievement,Merits,Success,Honor,Credit
欠;7;N3;WK7;G4;FQ860;か.ける,か.く;けつ,けん;Lack,Gap,Fail,Yawning Radical (no. 76)
底;7;N2;WK17;G4;FQ867;そこ;てい;Bottom,Sole,Depth,Bottom Price,Base,Kind,Sort
養;7;N1;WK13;G4;FQ888;やしな.う;よう,りょう;Foster,Bring Up,Rear,Develop,Nurture
街;7;N1;WK29;G4;FQ891;まち;がい,かい;Boulevard,Street,Town
願;7;N3;WK13;G4;FQ894;ねが.う,-ねがい;がん;Petition,Request,Vow,Wish,Hope
希;7;N2;WK14;G4;FQ896;まれ;き,け;Hope,Beg,Request,Pray,Beseech,Greece,Dilute (acid),Rare,Few,Phenomenal
笑;7;N3;WK16;G4;FQ913;わら.う,え.む;しょう;Laugh
束;7;N3;WK14;G4;FQ918;たば,たば.ねる,つか,つか.ねる;そく;Bundle,Sheaf,Ream,Tie In Bundles,Govern,Manage,Control
仲;7;N2;WK11;G4;FQ919;なか;ちゅう;Go-between,Relationship
栄;7;N2;WK17;G4;FQ920;さか.える,は.え,-ば.え,は.える,え;えい,よう;Flourish,Prosperity,Honor,Glory,Splendor
札;7;N2;WK7;G4;FQ921;ふだ;さつ;Tag,Paper Money,Counter For Bonds,Placard,Bid
借;7;N4;WK18;G4;FQ932;か.りる;しゃく;Borrow,Rent
節;7;N1;WK19;G4;FQ934;ふし,-ぶし,のっと;せつ,せち;Node,Season,Period,Occasion,Verse,Clause,Stanza,Honor,Joint,Knuckle,Knob,Knot,Tune,Melody
包;7;N2;WK41;G4;FQ954;つつ.む,くる.む;ほう;Wrap,Pack Up,Cover,Conceal
折;7;N3;WK14;G4;FQ962;お.る,おり,お.り,-お.り,お.れる;せつ,しゃく;Fold,Break,Fracture,Bend,Yield,Submit
郡;7;N1;WK51;G4;FQ965;こおり;ぐん;County,District
焼;7;N2;WK18;G4;FQ982;や.く,や.き,や.き-,-や.き,や.ける;しょう;Bake,Burning
照;7;N2;WK30;G4;FQ1004;て.る,て.らす,て.れる;しょう;Illuminate,Shine,Compare,Bashful
堂;7;N4;WK17;G4;FQ1010;;どう;Public Chamber,Hall
飯;7;N4;WK15;G4;FQ1046;めし;はん;Meal,Boiled Rice
典;7;N1;WK16;G4;FQ1055;;てん,でん;Code,Ceremony,Law,Rule
漁;7;N2;WK37;G4;FQ1094;あさ.る;ぎょ,りょう;Fishing,Fishery
貯;7;N2;WK26;G4;FQ1100;た.める,たくわ.える;ちょ;Savings,Store,Lay In,Keep,Wear Mustache
倉;7;N1;WK31;G4;FQ1114;くら;そう;Godown,Warehouse,Storehouse,Cellar,Treasury
唱;7;N1;WK40;G4;FQ1123;とな.える;しょう;Chant,Recite,Call Upon,Yell
訓;7;N2;WK18;G4;FQ1134;おし.える,よ.む,くん.ずる;くん,きん;Instruction,Japanese Character Reading,Explanation,Read
浴;7;N2;WK16;G4;FQ1136;あ.びる,あ.びせる;よく;Bathe,Be Favored With,Bask In
塩;7;N2;WK17;G4;FQ1148;しお;えん;Salt
兆;7;N2;WK37;G4;FQ1174;きざ.す,きざ.し;ちょう;Portent,10**12,Trillion,Sign,Omen,Symptoms
祝;7;N2;WK24;G4;FQ1184;いわ.う;しゅく,しゅう;Celebrate,Congratulate
旗;7;N1;WK30;G4;FQ1190;はた;き;National Flag,Banner,Standard
衣;7;N2;WK41;G4;FQ1214;ころも,きぬ,-ぎ;い,え;Garment,Clothes,Dressing
梅;7;N1;WK17;G4;FQ1232;うめ;ばい;Plum
臣;7;N2;WK29;G4;FQ1249;;しん,じん;Retainer,Subject
浅;7;N2;WK15;G4;FQ1253;あさ.い;せん;Shallow,Superficial,Frivolous,Wretched,Shameful
勇;7;N2;WK15;G4;FQ1319;いさ.む;ゆう;Courage,Cheer Up,Be In High Spirits,Bravery,Heroism
械;7;N2;WK20;G4;FQ1321;かせ;かい;Contraption,Fetter,Machine,Instrument
菜;7;N2;WK31;G4;FQ1327;な;さい;Vegetable,Side Dish,Greens
刷;7;N2;WK43;G4;FQ1352;す.る,-ず.り,-ずり,は.く;さつ;Printing,Print,Brush
牧;7;N1;WK43;G4;FQ1360;まき;ぼく;Breed,Care For,Shepherd,Feed,Pasture
泣;7;N1;WK15;G4;FQ1380;な.く;きゅう;Cry,Weep,Moan
孫;7;N2;WK31;G4;FQ1388;まご;そん;Grandchild,Descendants
毒;7;N2;WK15;G4;FQ1419;;どく;Poison,Virus,Venom,Germ,Harm,Injury,Spite
径;7;N1;WK31;G4;FQ1435;みち,こみち,さしわたし,ただちに;けい;Diameter,Path,Method
脈;7;N1;WK31;G4;FQ1477;すじ;みゃく;Vein,Pulse,Hope
粉;7;N2;WK31;G4;FQ1484;デシメートル,こ,こな;ふん;Flour,Powder,Dust
鏡;7;N1;WK13;G4;FQ1506;かがみ;きょう,けい;Mirror,Speculum,Barrel-head,Round Rice-cake Offering
巣;7;N1;WK31;G4;FQ1588;す,す.くう;そう;Nest,Rookery,Hive,Cobweb,Den
灯;7;N2;WK48;G4;FQ1605;ひ,ほ-,ともしび,とも.す,あかり;とう;Lamp,A Light,Light,Counter For Lights
胃;7;N2;WK27;G4;FQ1647;;い;Stomach,Paunch,Crop,Craw
芽;7;N1;WK44;G4;FQ1691;め;が;Bud,Sprout,Spear,Germ
腸;7;N1;WK57;G4;FQ1807;はらわた,わた;ちょう;Intestines,Guts,Bowels,Viscera
政;6;N3;WK16;G5;FQ17;まつりごと,まん;せい,しょう;Politics,Government
経;6;N3;WK20;G5;FQ79;へ.る,た.つ,たていと,はか.る,のり;けい,きょう,きん;Sutra,Longitude,Pass Thru,Expire,Warp
現;6;N3;WK23;G5;FQ85;あらわ.れる,あらわ.す,うつつ,うつ.つ;げん;Present,Existing,Actual
性;6;N3;WK14;G5;FQ104;さが;せい,しょう;Sex,Gender,Nature
制;6;N3;WK21;G5;FQ108;;せい;System,Law,Rule
務;6;N3;WK21;G5;FQ111;つと.める;む;Task,Duties
統;6;N1;WK22;G5;FQ125;す.べる,ほび.る;とう;Overall,Relationship,Ruling,Governing
総;6;N2;WK21;G5;FQ129;す.べて,すべ.て,ふさ;そう;General,Whole,All,Full,Total
領;6;N2;WK22;G5;FQ138;えり;りょう;Jurisdiction,Dominion,Territory,Fief,Reign
設;6;N2;WK21;G5;FQ145;もう.ける;せつ;Establishment,Provision,Prepare
保;6;N1;WK9;G5;FQ146;たも.つ;ほ,ほう;Protect,Guarantee,Keep,Preserve,Sustain,Support
支;6;N3;WK8;G5;FQ159;ささ.える,つか.える,か.う;し;Branch,Support,Sustain,Branch Radical (no. 65)
報;6;N3;WK18;G5;FQ167;むく.いる;ほう;Report,News,Reward,Retribution
解;6;N3;WK21;G5;FQ176;と.く,と.かす,と.ける,ほど.く,ほど.ける,わか.る,さと.る;かい,げ;Unravel,Notes,Key,Explanation,Understanding,Untie,Undo,Solve,Answer,Cancel,Absolve,Explain,Minute
資;6;N3;WK21;G5;FQ179;;し;Assets,Resources,Capital,Funds,Data,Be Conducive To,Contribute To
際;6;N3;WK21;G5;FQ183;きわ,-ぎわ;さい;Occasion,Side,Edge,Verge,Dangerous,Adventurous,Indecent,Time,When
査;6;N2;WK21;G5;FQ184;;さ;Investigate
判;6;N3;WK21;G5;FQ197;わか.る;はん,ばん;Judgement,Signature,Stamp,Seal
在;6;N3;WK20;G5;FQ211;あ.る;ざい;Exist,Outskirts,Suburbs,Located In
件;6;N3;WK21;G5;FQ212;くだん;けん;Affair,Case,Matter,Item
団;6;N2;WK19;G5;FQ213;かたまり,まる.い;だん,とん;Group,Association
任;6;N3;WK21;G5;FQ217;まか.せる,まか.す;にん;Responsibility,Duty,Term,Entrust To,Appoint
増;6;N3;WK21;G5;FQ231;ま.す,ま.し,ふ.える,ふ.やす;ぞう;Increase,Add,Augment,Gain,Promote
情;6;N3;WK13;G5;FQ235;なさ.け;じょう,せい;Feelings,Emotion,Passion,Sympathy,Circumstances,Facts
示;6;N3;WK22;G5;FQ237;しめ.す;じ,し;Show,Indicate,Point Out,Express,Display
基;6;N1;WK14;G5;FQ241;もと,もとい;き;Fundamentals,Radical (chem),Counter For Machines,Foundation
価;6;N1;WK22;G5;FQ250;あたい;か,け;Value,Price
確;6;N3;WK20;G5;FQ252;たし.か,たし.かめる;かく,こう;Assurance,Firm,Tight,Hard,Solid,Confirm,Clear,Evident
提;6;N1;WK22;G5;FQ254;さ.げる;てい,ちょう,だい;Propose,Take Along,Carry In Hand
勢;6;N2;WK22;G5;FQ260;いきお.い,はずみ;せい,ぜい;Forces,Energy,Military Strength
減;6;N2;WK19;G5;FQ261;へ.る,へ.らす;げん;Dwindle,Decrease,Reduce,Decline,Curtail,Get Hungry
容;6;N3;WK19;G5;FQ264;い.れる;よう;Contain,Form,Looks
応;6;N1;WK22;G5;FQ266;あた.る,まさに,こた.える;おう,よう,-のう;Apply,Answer,Yes,Ok,Reply,Accept
演;6;N3;WK23;G5;FQ267;;えん;Performance,Act,Play,Render,Stage
能;6;N3;WK14;G5;FQ273;よ.く;のう;Ability,Talent,Skill,Capacity
再;6;N2;WK26;G5;FQ275;ふたた.び;さい,さ;Again,Twice,Second Time
格;6;N3;WK14;G5;FQ281;;かく,こう,きゃく,ごう;Status,Rank,Capacity,Character,Case (law, Grammar)
過;6;N3;WK22;G5;FQ285;す.ぎる,-す.ぎる,-す.ぎ,す.ごす,あやま.つ,あやま.ち,よ.ぎる;か;Overdo,Exceed,Go Beyond,Error
税;6;N2;WK21;G5;FQ289;;ぜい;Tax,Duty
検;6;N1;WK21;G5;FQ290;しら.べる;けん;Examination,Investigate
常;6;N3;WK17;G5;FQ293;つね,とこ-;じょう;Usual,Ordinary,Normal,Common,Regular,Continually,Always,Long-lasting
状;6;N3;WK22;G5;FQ298;;じょう;Status Quo,Conditions,Circumstances,Form,Appearance
営;6;N2;WK22;G5;FQ303;いとな.む,いとな.み;えい;Occupation,Camp,Perform,Build,Conduct (business)
職;6;N3;WK23;G5;FQ305;;しょく,そく;Post,Employment,Work
証;6;N1;WK16;G5;FQ306;あかし;しょう;Evidence,Proof,Certificate
可;6;;WK18;G5;FQ314;-べ.き,-べ.し;か,こく;Can,Passable,Mustn't,Should Not,Do Not
構;6;N3;WK25;G5;FQ316;かま.える,かま.う;こう;Posture,Build,Pretend
比;6;N2;WK19;G5;FQ329;くら.べる;ひ;Compare,Race,Ratio,Philippines
防;6;N2;WK20;G5;FQ331;ふせ.ぐ;ぼう;Ward Off,Defend,Protect,Resist
断;6;N3;WK21;G5;FQ338;た.つ,ことわ.る,さだ.める;だん;Severance,Decline,Refuse,Apologize,Warn,Dismiss,Prohibit,Decision,Judgement,Cutting
境;6;N2;WK24;G5;FQ346;さかい;きょう,けい;Boundary,Border,Region
規;6;N3;WK23;G5;FQ349;;き;Standard,Measure
術;6;N3;WK14;G5;FQ350;すべ;じゅつ;Art,Technique,Skill,Means,Trick,Resources,Magic
護;6;N1;WK23;G5;FQ351;まも.る;ご;Safeguard,Protect
態;6;N1;WK22;G5;FQ353;わざ.と;たい;Attitude,Condition,Figure,Appearance,Voice (of Verbs)
導;6;N2;WK23;G5;FQ354;みちび.く;どう;Guidance,Leading,Conduct,Usher
備;6;N3;WK23;G5;FQ356;そな.える,そな.わる,つぶさ.に;び;Equip,Provision,Preparation
条;6;N1;WK21;G5;FQ363;えだ,すじ;じょう,ちょう,でき;Article,Clause,Item,Stripe,Streak
幹;6;N1;WK23;G5;FQ364;みき;かん;Tree Trunk,Main Part,Talent,Capability
独;6;N1;WK26;G5;FQ365;ひと.り;どく,とく;Single,Alone,Spontaneously,Germany
輸;6;N2;WK24;G5;FQ371;;ゆ,しゅ;Transport,Send,Be Inferior
述;6;N2;WK24;G5;FQ379;の.べる;じゅつ;Mention,State,Speak,Relate
率;6;N1;WK20;G5;FQ383;ひき.いる;そつ,りつ,しゅつ;Ratio,Rate,Proportion,%,Factor,Lead,Spearhead,Command
武;6;N2;WK24;G5;FQ387;たけ,たけ.し;ぶ,む;Warrior,Military,Chivalry,Arms
質;6;N4;WK24;G5;FQ389;たち,ただ.す,もと,わりふ;しつ,しち,ち;Substance,Quality,Matter,Temperament
衛;6;N1;WK32;G5;FQ400;;えい,え;Defense,Protection
張;6;N1;WK23;G5;FQ403;は.る,-は.り,-ば.り;ちょう;Lengthen,Counter For Bows & Stringed Instruments,Stretch,Spread,Put Up (tent)
限;6;N3;WK25;G5;FQ405;かぎ.る,かぎ.り,-かぎ.り;げん;Limit,Restrict,To Best Of Ability
額;6;N2;WK24;G5;FQ407;ひたい;がく;Forehead,Tablet,Plaque,Framed Picture,Sum,Amount,Volume
義;6;N1;WK21;G5;FQ415;;ぎ;Righteousness,Justice,Morality,Honor,Loyalty,Meaning
退;6;N3;WK27;G5;FQ424;しりぞ.く,しりぞ.ける,ひ.く,の.く,の.ける,ど.く;たい;Retreat,Withdraw,Retire,Resign,Repel,Expel,Reject
準;6;N2;WK23;G5;FQ425;じゅん.じる,じゅん.ずる,なぞら.える,のり,ひと.しい,みずもり;じゅん;Semi-,Correspond To,Proportionate To,Conform,Imitate
造;6;N2;WK26;G5;FQ429;つく.る,つく.り,-づく.り;ぞう;Create,Make,Structure,Physique
技;6;N2;WK14;G5;FQ434;わざ;ぎ;Skill,Art,Craft,Ability,Feat,Performance,Vocation,Arts
復;6;N2;WK26;G5;FQ438;また;ふく;Restore,Return To,Revert,Resume
移;6;N2;WK28;G5;FQ448;うつ.る,うつ.す;い;Shift,Move,Change,Drift,Catch (cold, Fire),Pass Into
個;6;N2;WK20;G5;FQ451;;こ,か;Individual,Counter For Articles
評;6;N1;WK21;G5;FQ454;;ひょう;Evaluate,Criticism,Comment
非;6;N3;WK17;G5;FQ472;あら.ず;ひ;Un-,Mistake,Negative,Injustice,Non-
製;6;N1;WK24;G5;FQ488;;せい;Made In...,Manufacture
財;6;N3;WK19;G5;FQ494;たから;ざい,さい,ぞく;Property,Money,Wealth,Assets
識;6;N3;WK17;G5;FQ496;し.る,しる.す;しき;Discriminating,Know,Write
程;6;N3;WK28;G5;FQ514;ほど,-ほど;てい;Extent,Degree,Law,Formula,Distance,Limits,Amount
接;6;N2;WK26;G5;FQ523;つ.ぐ;せつ,しょう;Touch,Contact,Adjoin,Piece Together
授;6;N1;WK26;G5;FQ535;さず.ける,さず.かる;じゅ;Impart,Instruct,Grant,Confer
効;6;N2;WK25;G5;FQ538;き.く,ききめ,なら.う;こう;Merit,Efficacy,Efficiency,Benefit
旧;6;N2;WK36;G5;FQ549;ふる.い,もと;きゅう;Old Times,Old Things,Old Friend,Former,Ex-
師;6;N3;WK23;G5;FQ563;いくさ;し;Expert,Teacher,Master,Model,Exemplar,Army (incl. Counter),War
易;6;N3;WK19;G5;FQ571;やさ.しい,やす.い;えき,い;Easy,Ready To,Simple,Fortune-telling,Divination
券;6;N2;WK28;G5;FQ583;;けん;Ticket
破;6;N3;WK35;G5;FQ590;やぶ.る,やぶ.れる,わ.れる;は;Rend,Rip,Tear,Break,Destroy,Defeat,Frustrate
編;6;N2;WK31;G5;FQ591;あ.む,-あ.み;へん;Compilation,Knit,Plait,Braid,Twist,Editing,Completed Poem,Part Of A Book
責;6;N3;WK21;G5;FQ598;せ.める;せき;Blame,Condemn,Censure
修;6;N1;WK28;G5;FQ603;おさ.める,おさ.まる;しゅう,しゅ;Discipline,Conduct Oneself Well,Study,Master
採;6;N2;WK32;G5;FQ607;と.る;さい;Pick,Take,Fetch,Take Up
織;6;N1;WK27;G5;FQ608;お.る,お.り,おり,-おり,-お.り;しょく,しき;Weave,Fabric
故;6;N1;WK26;G5;FQ612;ゆえ,ふる.い,もと;こ;Happenstance,Especially,Intentionally,Reason,Cause,Circumstances,The Late,Therefore,Consequently
弁;6;N1;WK16;G5;FQ619;かんむり,わきま.える,わ.ける,はなびら,あらそ.う;べん,へん;Valve,Petal,Braid,Speech,Dialect,Discrimination,Dispose Of,Distinguish,Conical Cap
因;6;N3;WK17;G5;FQ636;よ.る,ちな.む;いん;Cause,Factor,Be Associated With,Depend On,Be Limited To
富;6;N3;WK31;G5;FQ644;と.む,とみ;ふ,ふう;Wealth,Enrich,Abundant
貿;6;N2;WK36;G5;FQ652;;ぼう;Trade,Exchange
講;6;N2;WK35;G5;FQ653;;こう;Lecture,Club,Association
素;6;N1;WK21;G5;FQ660;もと;そ,す;Elementary,Principle,Naked,Uncovered
河;6;N2;WK26;G5;FQ663;かわ;か;River
適;6;N3;WK30;G5;FQ670;かな.う;てき;Suitable,Occasional,Rare,Qualified,Capable
婦;6;N3;WK28;G5;FQ671;よめ;ふ;Lady,Woman,Wife,Bride
寄;6;N3;WK29;G5;FQ673;よ.る,-よ.り,よ.せる;き;Draw Near,Stop In,Bring Near,Gather,Collect,Send,Forward
益;6;N1;WK28;G5;FQ674;ま.す;えき,やく;Benefit,Gain,Profit,Advantage
余;6;N3;WK20;G5;FQ680;あま.る,あま.り,あま.す,あんま.り;よ;Too Much,Myself,Surplus,Other,Remainder
禁;6;N2;WK18;G5;FQ681;;きん;Prohibition,Ban,Forbid
逆;6;N2;WK28;G5;FQ683;さか,さか.さ,さか.らう;ぎゃく,げき;Inverted,Reverse,Opposite,Wicked
久;6;N2;WK32;G5;FQ688;ひさ.しい;きゅう,く;Long Time,Old Story
妻;6;N3;WK20;G5;FQ691;つま;さい;Wife,Spouse
暴;6;N2;WK19;G5;FQ692;あば.く,あば.れる;ぼう,ばく;Outburst,Rave,Fret,Force,Violence,Cruelty,Outrage
険;6;N3;WK16;G5;FQ707;けわ.しい;けん;Precipitous,Inaccessible Place,Impregnable Position,Steep Place,Sharp Eyes
均;6;N2;WK31;G5;FQ715;なら.す;きん;Level,Average
圧;6;N2;WK20;G5;FQ718;お.す,へ.す,おさ.える,お.さえる;あつ,えん,おう;Pressure,Push,Overwhelm,Oppress,Dominate
許;6;N3;WK18;G5;FQ720;ゆる.す,もと;きょ;Permit,Approve
留;6;N3;WK16;G5;FQ731;と.める,と.まる,とど.める,とど.まる,るうぶる;りゅう,る;Detain,Fasten,Halt,Stop
罪;6;N3;WK20;G5;FQ732;つみ;ざい;Guilt,Sin,Crime,Fault,Blame,Offense
興;6;N1;WK32;G5;FQ734;おこ.る,おこ.す;こう,きょう;Entertain,Revive,Retrieve,Interest,Pleasure
精;6;N3;WK28;G5;FQ752;しら.げる,くわ.しい;せい,しょう;Refined,Ghost,Fairy,Energy,Vitality,Semen,Excellence,Purity,Skill
則;6;N2;WK23;G5;FQ753;のっと.る;そく;Rule,Follow,Based On,Model After
測;6;N2;WK35;G5;FQ761;はか.る;そく;Fathom,Plan,Scheme,Measure
豊;6;N2;WK25;G5;FQ762;ゆた.か,とよ;ほう,ぶ;Bountiful,Excellent,Rich
厚;6;N2;WK20;G5;FQ768;あつ.い,あか;こう;Thick,Heavy,Rich,Kind,Cordial,Brazen,Shameless
略;6;N2;WK29;G5;FQ774;ほぼ,はぶ.く,おか.す,おさ.める,はかりごと,はか.る;りゃく;Abbreviation,Omission,Outline,Shorten,Capture,Plunder
承;6;N2;WK34;G5;FQ775;うけたまわ.る,う.ける;しょう,じょう;Acquiesce,Hear,Listen To,Be Informed,Receive
絶;6;N3;WK28;G5;FQ784;た.える,た.やす,た.つ;ぜつ;Discontinue,Sever,Cut Off,Abstain,Interrupt,Suppress,Be Beyond,Without Match,Peerless,Unparalleled
版;6;N2;WK30;G5;FQ802;;はん;Printing Block,Printing Plate,Edition,Impression,Label
損;6;N2;WK34;G5;FQ807;そこ.なう,そこな.う,-そこ.なう,そこ.ねる,-そこ.ねる;そん;Damage,Loss,Disadvantage,Hurt,Injure
仏;6;N2;WK15;G5;FQ819;ほとけ;ぶつ,ふつ;Buddha,The Dead,France
績;6;N2;WK32;G5;FQ820;;せき;Exploits,Achievements,Unreeling Cocoons
築;6;N2;WK15;G5;FQ821;きず.く;ちく;Fabricate,Build,Construct
志;6;N1;WK32;G5;FQ823;シリング,こころざ.す,こころざし;し;Intention,Plan,Resolve,Aspire,Motive,Hopes,Shilling
混;6;N2;WK19;G5;FQ824;ま.じる,-ま.じり,ま.ざる,ま.ぜる,こ.む;こん;Mix,Blend,Confuse
居;6;N3;WK25;G5;FQ836;い.る,-い,お.る;きょ,こ;Reside,To Be,Exist,Live With
雑;6;N3;WK32;G5;FQ839;まじ.える,まじ.る;ざつ,ぞう;Miscellaneous
招;6;N3;WK27;G5;FQ840;まね.く;しょう;Beckon,Invite,Summon,Engage
永;6;N2;WK32;G5;FQ846;なが.い;えい;Eternity,Long,Lengthy
刊;6;N2;WK38;G5;FQ855;;かん;Publish,Carve,Engrave
像;6;N2;WK13;G5;FQ856;;ぞう;Statue,Picture,Image,Figure,Portrait
賛;6;N3;WK32;G5;FQ868;たす.ける,たた.える;さん;Approve,Praise,Title Or Inscription On Picture,Assist,Agree With
犯;6;N3;WK20;G5;FQ874;おか.す;はん,ぼん;Crime,Sin,Offense
布;6;N2;WK19;G5;FQ877;ぬの;ふ;Linen,Cloth,Spread,Distribute
属;6;N1;WK25;G5;FQ912;さかん,つく,やから;ぞく,しょく;Belong,Genus,Subordinate Official,Affiliated
複;6;N2;WK32;G5;FQ915;;ふく;Duplicate,Double,Compound,Multiple
似;6;N3;WK31;G5;FQ923;に.る,ひ.る;じ;Becoming,Resemble,Counterfeit,Imitate,Suitable
迷;6;N3;WK27;G5;FQ942;まよ.う;めい;Astray,Be Perplexed,In Doubt,Lost,Err,Illusion
夢;6;N3;WK20;G5;FQ943;ゆめ,ゆめ.みる,くら.い;む,ぼう;Dream,Vision,Illusion
燃;6;N2;WK24;G5;FQ948;も.える,も.やす,も.す;ねん;Burn,Blaze,Glow
災;6;N1;WK20;G5;FQ976;わざわ.い;さい;Disaster,Calamity,Woe,Curse,Evil
預;6;N2;WK30;G5;FQ981;あず.ける,あず.かる;よ;Deposit,Custody,Leave With,Entrust To
貸;6;N4;WK27;G5;FQ995;か.す,か.し-,かし-;たい;Lend
銭;6;N1;WK32;G5;FQ1008;ぜに,すき;せん,ぜん;Coin,.01 Yen,Money
群;6;N2;WK39;G5;FQ1012;む.れる,む.れ,むら,むら.がる;ぐん;Flock,Group,Crowd,Herd,Swarm,Cluster
謝;6;N1;WK13;G5;FQ1028;あやま.る;しゃ;Apologize,Thank,Refuse
仮;6;N1;WK9;G5;FQ1039;かり,かり-;か,け;Sham,Temporary,Interim,Assumed (name),Informal
賀;6;N1;WK22;G5;FQ1056;;が;Congratulations,Joy
快;6;N2;WK30;G5;FQ1074;こころよ.い;かい;Cheerful,Pleasant,Agreeable,Comfortable
徳;6;N1;WK31;G5;FQ1091;;とく;Benevolence,Virtue,Goodness,Commanding Respect
序;6;N1;WK32;G5;FQ1160;つい.で,ついで;じょ;Preface,Beginning,Order,Precedence,Occasion,Chance,Incidentally
舎;6;N1;WK35;G5;FQ1170;やど.る;しゃ,せき;Cottage,Inn,Hut,House,Mansion
慣;6;N3;WK25;G5;FQ1177;な.れる,な.らす;かん;Accustomed,Get Used To,Become Experienced
敵;6;N1;WK21;G5;FQ1205;かたき,あだ,かな.う;てき;Enemy,Foe,Opponent
液;6;N2;WK32;G5;FQ1210;;えき;Fluid,Liquid,Juice,Sap,Secretion
貧;6;N3;WK30;G5;FQ1211;まず.しい;ひん,びん;Poverty,Poor
酸;6;N1;WK32;G5;FQ1218;す.い;さん;Acid,Bitterness,Sour,Tart
祖;6;N3;WK32;G5;FQ1226;;そ;Ancestor,Pioneer,Founder
桜;6;N1;WK32;G5;FQ1237;さくら;おう,よう;Cherry
句;6;N1;WK18;G5;FQ1244;;く;Phrase,Clause,Sentence,Passage,Paragraph,Counter For Haiku
墓;6;N1;WK31;G5;FQ1337;はか;ぼ;Grave,Tomb
鉱;6;N2;WK41;G5;FQ1376;あらがね;こう;Mineral,Ore
飼;6;N1;WK32;G5;FQ1392;か.う;し;Domesticate,Raise,Keep,Feed
枝;6;N2;WK34;G5;FQ1401;えだ;し;Bough,Branch,Twig,Limb,Counter For Branches
恩;6;N1;WK32;G5;FQ1418;;おん;Grace,Kindness,Goodness,Favor,Mercy,Blessing,Benefit
往;6;N1;WK26;G5;FQ1421;い.く,いにしえ,さき.に,ゆ.く;おう;Journey,Travel,Chase Away,Let Go,Going,Before,Formerly
肥;6;N1;WK25;G5;FQ1469;こ.える,こえ,こ.やす,こ.やし,ふと.る;ひ;Fertilizer,Get Fat,Fertile,Manure,Pamper
俵;6;N1;WK46;G5;FQ1481;たわら;ひょう;Bag,Bale,Sack,Counter For Bags
綿;6;N2;WK46;G5;FQ1495;わた;めん;Cotton
銅;6;N2;WK35;G5;FQ1505;あかがね;どう;Copper
眼;6;N1;WK32;G5;FQ1527;まなこ,め;がん,げん;Eyeball
耕;6;N2;WK51;G5;FQ1568;たがや.す;こう;Till,Plow,Cultivate
潔;6;N1;WK28;G5;FQ1595;いさぎよ.い;けつ;Undefiled,Pure,Clean,Righteous,Gallant
舌;6;N1;WK19;G5;FQ1830;した;ぜつ;Tongue,Reed,Clapper
党;5;N2;WK32;G6;FQ39;なかま,むら;とう;Party,Faction,Clique
権;5;N3;WK21;G6;FQ156;おもり,かり,はか.る;けん,ごん;Authority,Power,Rights
派;5;N1;WK21;G6;FQ164;;は;Faction,Group,Party,Clique,Sect,School
済;5;N3;WK21;G6;FQ168;す.む,-ず.み,-ずみ,す.まない,す.ます,-す.ます,すく.う,な.す,わたし,わた.る;さい,せい;Settle (debt, Etc.),Relieve (burden),Finish,Come To An End,Excusable,Need Not
認;5;N3;WK21;G6;FQ198;みと.める,したた.める;にん;Acknowledge,Witness,Discern,Recognize,Appreciate,Believe
策;5;N1;WK22;G6;FQ209;;さく;Scheme,Plan,Policy,Step,Means
論;5;N3;WK20;G6;FQ227;;ろん;Argument,Discourse
私;5;N4;WK6;G6;FQ242;わたくし,わたし;し;Private,I,Me
革;5;N2;WK23;G6;FQ249;かわ;かく;Leather,Skin,Reform,Become Serious
疑;5;N3;WK13;G6;FQ283;うたが.う;ぎ;Doubt,Distrust,Be Suspicious,Question
裁;5;N1;WK23;G6;FQ297;た.つ,さば.く;さい;Tailor,Judge,Decision,Cut Out (pattern)
供;5;N3;WK24;G6;FQ313;そな.える,とも,-ども;きょう,く,くう,ぐ;Submit,Offer,Present,Serve (meal),Accompany
割;5;N3;WK23;G6;FQ318;わ.る,わり,わ.り,わ.れる,さ.く;かつ;Proportion,Comparatively,Divide,Cut,Separate,Split
難;5;N3;WK20;G6;FQ330;かた.い,-がた.い,むずか.しい,むづか.しい,むつか.しい,-にく.い;なん;Difficult,Impossible,Trouble,Accident,Defect
補;5;N2;WK25;G6;FQ332;おぎな.う;ほ;Supplement,Supply,Make Good,Offset,Compensate,Assistant,Learner
優;5;N3;WK23;G6;FQ334;やさ.しい,すぐ.れる,まさ.る;ゆう,う;Tenderness,Excel,Surpass,Actor,Superiority,Gentleness
収;5;N3;WK23;G6;FQ337;おさ.める,おさ.まる;しゅう;Income,Obtain,Reap,Pay,Supply,Store
展;5;N1;WK24;G6;FQ352;;てん;Unfold,Expand
宅;5;N3;WK23;G6;FQ357;;たく;Home,House,Residence,Our House,My Husband
視;5;N1;WK24;G6;FQ362;み.る;し;Inspection,Regard As,See,Look At
警;5;N3;WK17;G6;FQ366;いまし.める;けい;Admonish,Commandment
訪;5;N3;WK27;G6;FQ372;おとず.れる,たず.ねる,と.う;ほう;Call On,Visit,Look Up,Offer Sympathy
域;5;N2;WK22;G6;FQ396;;いき;Range,Region,Limits,Stage,Level
映;5;N4;WK13;G6;FQ404;うつ.る,うつ.す,は.える,-ば.え;えい;Reflect,Reflection,Projection
担;5;N2;WK24;G6;FQ422;かつ.ぐ,にな.う;たん;Shouldering,Carry,Raise,Bear
株;5;N1;WK24;G6;FQ432;かぶ;しゅ;Stocks,Stump,Shares,Stock,Counter For Small Plants
姿;5;N1;WK22;G6;FQ441;すがた;し;Figure,Form,Shape
閣;5;N1;WK29;G6;FQ444;;かく;Tower,Tall Building,Palace
衆;5;N1;WK28;G6;FQ450;おお.い;しゅう,しゅ;Masses,Great Numbers,Multitude,Populace
若;5;N3;WK19;G6;FQ458;わか.い,わか-,も.しくわ,も.し,も.しくは,ごと.し;じゃく,にゃく,にゃ;Young,If,Perhaps,Possibly,Low Number,Immature
脳;5;N2;WK18;G6;FQ459;のうずる;のう,どう;Brain,Memory
蔵;5;N2;WK33;G6;FQ468;くら,おさ.める,かく.れる;ぞう,そう;Storehouse,Hide,Own,Have,Possess
段;5;N3;WK27;G6;FQ479;;だん,たん;Grade,Steps,Stairs
呼;5;N3;WK23;G6;FQ498;よ.ぶ;こ;Call,Call Out To,Invite
針;5;N2;WK26;G6;FQ505;はり;しん;Needle,Pin,Staple,Stinger
専;5;N2;WK16;G6;FQ506;もっぱ.ら;せん;Specialty,Exclusive,Mainly,Solely
推;5;N1;WK34;G6;FQ507;お.す;すい;Conjecture,Infer,Guess,Suppose,Support,Push (for)
値;5;N3;WK22;G6;FQ518;ね,あたい;ち;Price,Cost,Value
討;5;N1;WK26;G6;FQ528;う.つ;とう;Chastise,Attack,Defeat,Destroy,Conquer
処;5;N3;WK28;G6;FQ547;ところ,-こ,お.る;しょ;Dispose,Manage,Deal With,Sentence,Condemn,Act,Behave,Place
憲;5;N1;WK28;G6;FQ551;;けん;Constitution,Law
激;5;N1;WK26;G6;FQ560;はげ.しい;げき;Violent,Get Excited,Enraged,Chafe,Incite
否;5;N3;WK33;G6;FQ561;いな,いや;ひ;Negate,No,Noes,Refuse,Decline,Deny
系;5;N1;WK30;G6;FQ567;;けい;Lineage,System
批;5;N1;WK21;G6;FQ568;;ひ;Criticism,Strike
存;5;N3;WK16;G6;FQ577;ながら.える,あ.る,たも.つ,と.う;そん,ぞん;Exist,Suppose,Be Aware Of,Believe,Feel
盟;5;N1;WK36;G6;FQ587;;めい;Alliance,Oath
座;5;N3;WK18;G6;FQ588;すわ.る;ざ;Squat,Seat,Cushion,Gathering,Sit
除;5;N3;WK31;G6;FQ594;のぞ.く,-よ.け;じょ,じ;Exclude,Division (x/3),Remove,Abolish,Cancel,Except
降;5;N3;WK34;G6;FQ596;お.りる,お.ろす,ふ.る,ふ.り,くだ.る,くだ.す;こう,ご;Descend,Precipitate,Fall,Surrender
並;5;N2;WK28;G6;FQ599;な.み,なみ,なら.べる,なら.ぶ,なら.びに;へい,ほう;Row,And,Besides,As Well As,Line Up,Rank With,Rival,Equal
従;5;N1;WK26;G6;FQ601;したが.う,したが.える,より;じゅう,しょう,じゅ;Accompany,Obey,Submit To,Comply,Follow,Secondary,Incidental,Subordinate
危;5;N3;WK16;G6;FQ606;あぶ.ない,あや.うい,あや.ぶむ;き;Dangerous,Fear,Uneasy
拡;5;N1;WK33;G6;FQ611;ひろ.がる,ひろ.げる,ひろ.める;かく,こう;Broaden,Extend,Expand,Enlarge
就;5;N1;WK27;G6;FQ624;つ.く,つ.ける;しゅう,じゅ;Concerning,Settle,Take Position,Depart,Study,Per
異;5;N1;WK33;G6;FQ631;こと,こと.なる,け;い;Uncommon,Different,Queerness,Strangeness,Wonderful,Curious,Unusual
将;5;N2;WK36;G6;FQ634;まさ.に,はた,まさ,ひきい.る,もって;しょう,そう;Leader,Commander,General,Admiral,Or,And Again,Soon,From Now On,Just About
厳;5;N1;WK32;G6;FQ638;おごそ.か,きび.しい,いか.めしい,いつくし;げん,ごん;Stern,Strictness,Severity,Rigidity
遺;5;N1;WK36;G6;FQ647;のこ.す;い,ゆい;Bequeath,Leave Behind,Reserve
装;5;N2;WK33;G6;FQ657;よそお.う,よそお.い;そう,しょう;Attire,Dress,Pretend,Disguise,Profess
諸;5;N2;WK33;G6;FQ658;もろ;しょ;Various,Many,Several,Together
亡;5;N3;WK6;G6;FQ661;な.い,な.き-,ほろ.びる,ほろ.ぶ,ほろ.ぼす;ぼう,もう;Deceased,The Late,Dying,Perish
劇;5;N2;WK17;G6;FQ662;;げき;Drama,Play
模;5;N1;WK25;G6;FQ668;;も,ぼ;Imitation,Copy,Mock
宣;5;N1;WK33;G6;FQ695;のたま.う;せん;Proclaim,Say,Announce
背;5;N3;WK30;G6;FQ696;せ,せい,そむ.く,そむ.ける;はい;Stature,Height,Back,Behind,Disobey,Defy,Go Back On,Rebel
盛;5;N1;WK33;G6;FQ712;も.る,さか.る,さか.ん;せい,じょう;Boom,Prosper,Copulate
皇;5;N1;WK33;G6;FQ721;;こう,おう;Emperor
臨;5;N1;WK37;G6;FQ722;のぞ.む;りん;Look To,Face,Meet,Confront,Attend,Call On
署;5;N2;WK17;G6;FQ725;;しょ;Signature,Govt Office,Police Station
源;5;N1;WK34;G6;FQ738;みなもと;げん;Source,Origin
創;5;N1;WK26;G6;FQ741;つく.る,はじ.める,きず,けず.しける;そう,しょう;Genesis,Wound,Injury,Hurt,Start,Originate
障;5;N1;WK26;G6;FQ742;さわ.る;しょう;Hinder,Hurt,Harm
筋;5;N1;WK33;G6;FQ744;すじ;きん;Muscle,Sinew,Tendon,Fiber,Plot,Plan,Descent
延;5;N2;WK30;G6;FQ747;の.びる,の.べる,の.べ,の.ばす;えん;Prolong,Stretching
乱;5;N2;WK19;G6;FQ755;みだ.れる,みだ.る,みだ.す,みだ,おさ.める,わた.る;らん,ろん;Riot,War,Disorder,Disturb
善;5;N1;WK19;G6;FQ765;よ.い,い.い,よ.く,よし.とする;ぜん;Virtuous,Good,Goodness
庁;5;N2;WK24;G6;FQ793;やくしょ;ちょう,てい;Government Office
城;5;N2;WK23;G6;FQ795;しろ;じょう,せい;Castle
層;5;N2;WK24;G6;FQ801;;そう;Stratum,Social Class,Layer,Story,Floor
裏;5;N2;WK33;G6;FQ812;うら;り;Back,Amidst,In,Reverse,Inside,Palm,Sole,Rear,Lining,Wrong Side
密;5;N1;WK32;G6;FQ815;ひそ.か;みつ;Secrecy,Density (pop),Minuteness,Carefulness
我;5;N1;WK26;G6;FQ829;われ,わ,わ.が-,わが-;が;Ego,I,Selfish,Our,Oneself
勤;5;N3;WK34;G6;FQ830;つと.める,-づと.め,つと.まる,いそ.しむ;きん,ごん;Diligence,Become Employed,Serve
幕;5;N1;WK34;G6;FQ835;とばり;まく,ばく;Curtain,Bunting,Act Of Play
染;5;N1;WK32;G6;FQ837;そ.める,-ぞ.め,-ぞめ,そ.まる,し.みる,-じ.みる,し.み,-し.める;せん;Dye,Color,Paint,Stain,Print
困;5;N3;WK20;G6;FQ843;こま.る;こん;Quandary,Become Distressed,Annoyed
傷;5;N1;WK32;G6;FQ845;きず,いた.む,いた.める;しょう;Wound,Hurt,Injure,Impair,Pain,Injury,Cut,Gash,Scar,Weak Point
著;5;N2;WK33;G6;FQ849;あらわ.す,いちじる.しい;ちょ,ちゃく;Renowned,Publish,Write,Remarkable,Phenomenal,Put On,Don,Wear,Arrival,Finish (race),Counter For Suits Of Clothing,Literary Work
誌;5;N2;WK33;G6;FQ851;;し;Document,Records
秘;5;N1;WK32;G6;FQ862;ひ.める,ひそ.か,かく.す;ひ;Secret,Conceal
刻;5;N3;WK34;G6;FQ866;きざ.む,きざ.み;こく;Engrave,Cut Fine,Chop,Hash,Mince,Time,Carving
宇;5;N2;WK19;G6;FQ883;;う;Eaves,Roof,House,Heaven
欲;5;N3;WK32;G6;FQ902;ほっ.する,ほ.しい;よく;Longing,Covetousness,Greed,Passion,Desire,Craving
痛;5;N3;WK27;G6;FQ903;いた.い,いた.む,いた.ましい,いた.める;つう;Pain,Hurt,Damage,Bruise
縮;5;N1;WK34;G6;FQ909;ちぢ.む,ちぢ.まる,ちぢ.める,ちぢ.れる,ちぢ.らす;しゅく;Shrink,Contract,Shrivel,Wrinkle,Reduce
枚;5;N2;WK18;G6;FQ911;;まい,ばい;Sheet Of...,Counter For Flat Thin Objects Or Sheets
郵;5;N2;WK26;G6;FQ917;;ゆう;Mail,Stagecoach Stop
探;5;N3;WK31;G6;FQ930;さぐ.る,さが.す;たん;Grope,Search,Look For
骨;5;N2;WK14;G6;FQ936;ほね;こつ;Skeleton,Bone,Remains,Frame
射;5;N1;WK34;G6;FQ937;い.る,さ.す,う.つ;しゃ;Shoot,Shine Into,Onto,Archery
届;5;N2;WK24;G6;FQ939;とど.ける,-とど.け,とど.く;かい;Deliver,Reach,Arrive,Report,Notify,Forward
巻;5;N2;WK25;G6;FQ944;ま.く,まき,ま.き;かん,けん;Scroll,Volume,Book,Part,Roll Up,Wind Up,Tie,Coil,Counter For Texts (or Book Scrolls)
揮;5;N1;WK34;G6;FQ946;ふる.う;き;Brandish,Wave,Wag,Swing,Shake
閉;5;N3;WK33;G6;FQ951;と.じる,と.ざす,し.める,し.まる,た.てる;へい;Closed,Shut
賃;5;N1;WK33;G6;FQ961;;ちん;Fare,Fee,Hire,Rent,Wages,Charge
貴;5;N1;WK34;G6;FQ970;たっと.い,とうと.い,たっと.ぶ,とうと.ぶ;き;Precious,Value,Prize,Esteem,Honor
暮;5;N3;WK33;G6;FQ978;く.れる,く.らす;ぼ;Evening,Twilight,Season's End,Livelihood,Make A Living,Spend Time
簡;5;N2;WK33;G6;FQ983;えら.ぶ,ふだ;かん,けん;Simplicity,Brevity
納;5;N1;WK33;G6;FQ987;おさ.める,-おさ.める,おさ.まる;のう,なっ,な,なん,とう;Settlement,Obtain,Reap,Pay,Supply,Store
樹;5;N1;WK41;G6;FQ988;き;じゅ;Timber,Trees,Wood,Establish,Set Up
臓;5;N2;WK34;G6;FQ991;はらわた;ぞう;Entrails,Viscera,Bowels
律;5;N2;WK23;G6;FQ992;;りつ,りち,れつ;Rhythm,Law,Regulation,Gauge,Control
至;5;N1;WK41;G6;FQ996;いた.る;し;Climax,Arrive,Proceed,Reach,Attain,Result In
宗;5;N1;WK29;G6;FQ997;むね;しゅう,そう;Religion,Sect,Denomination,Main Point,Origin,Essence
宙;5;N1;WK19;G6;FQ1005;;ちゅう;Mid-air,Air,Space,Sky,Memorization,Interval Of Time
操;5;N1;WK33;G6;FQ1016;みさお,あやつ.る;そう,さん;Maneuver,Manipulate,Operate,Steer,Chastity,Virginity,Fidelity
誕;5;N1;WK22;G6;FQ1024;;たん;Nativity,Be Born,Declension,Lie,Be Arbitrary
孝;5;;WK40;G6;FQ1030;;こう,きょう;Filial Piety,Child's Respect
純;5;N2;WK34;G6;FQ1044;;じゅん;Genuine,Purity,Innocence,Net (profit)
訳;5;N1;WK32;G6;FQ1050;わけ;やく;Translate,Reason,Circumstance,Case
吸;5;N3;WK22;G6;FQ1054;す.う;きゅう;Suck,Imbibe,Inhale,Sip
看;5;N1;WK23;G6;FQ1060;み.る;かん;Watch Over,See
奏;5;N1;WK38;G6;FQ1067;かな.でる;そう;Play Music,Speak To A Ruler,Complete
翌;5;N2;WK30;G6;FQ1070;;よく;The Following,Next
片;5;N2;WK39;G6;FQ1076;かた-,かた;へん;One-sided,Leaf,Sheet,Right-side Kata Radical (no. 91)
郷;5;N1;WK41;G6;FQ1077;さと;きょう,ごう;Home Town,Village,Native Place,District
敬;5;N2;WK33;G6;FQ1078;うやま.う;けい,きょう;Awe,Respect,Honor,Revere
泉;5;N2;WK12;G6;FQ1086;いずみ;せん;Spring,Fountain
己;5;N1;WK35;G6;FQ1098;おのれ,つちのと,な;こ,き;Self
忠;5;N1;WK33;G6;FQ1113;;ちゅう;Loyalty,Fidelity,Faithfulness
沿;5;N1;WK34;G6;FQ1121;そ.う,-ぞ.い;えん;Run Alongside,Follow Along,Run Along,Lie Along
誠;5;N1;WK41;G6;FQ1128;まこと;せい;Sincerity,Admonish,Warn,Prohibit,Truth,Fidelity
忘;5;N3;WK18;G6;FQ1129;わす.れる;ぼう;Forget
俳;5;N1;WK23;G6;FQ1137;;はい;Haiku,Actor
宝;5;N2;WK4;G6;FQ1139;たから;ほう;Treasure,Wealth,Valuables
胸;5;N2;WK18;G6;FQ1144;むね,むな-;きょう;Bosom,Breast,Chest,Heart,Feelings
砂;5;N2;WK33;G6;FQ1146;すな;さ,しゃ;Sand
誤;5;N3;WK34;G6;FQ1150;あやま.る,-あやま.る;ご;Mistake,Err,Do Wrong,Mislead
聖;5;N1;WK34;G6;FQ1165;ひじり;せい,しょう;Holy,Saint,Sage,Master,Priest
洗;5;N3;WK18;G6;FQ1168;あら.う;せん;Wash,Inquire Into,Probe
尊;5;N2;WK33;G6;FQ1181;たっと.い,とうと.い,たっと.ぶ,とうと.ぶ;そん;Revered,Valuable,Precious,Noble,Exalted
窓;5;N3;WK33;G6;FQ1186;まど,てんまど,けむだし;そう,す;Window,Pane
幼;5;N2;WK28;G6;FQ1227;おさな.い;よう;Infancy,Childhood
潮;5;N1;WK43;G6;FQ1231;しお,うしお;ちょう;Tide,Salt Water,Opportunity
鋼;5;N1;WK39;G6;FQ1246;はがね;こう;Steel
縦;5;N1;WK34;G6;FQ1258;たて;じゅう;Vertical,Length,Height,Self-indulgent,Wayward
捨;5;N2;WK32;G6;FQ1266;す.てる;しゃ;Discard,Throw Away,Abandon,Resign,Reject,Sacrifice
腹;5;N3;WK27;G6;FQ1286;はら;ふく;Abdomen,Belly,Stomach
乳;5;N2;WK23;G6;FQ1289;ちち,ち;にゅう;Milk,Breasts
紅;5;N2;WK34;G6;FQ1299;べに,くれない,あか.い;こう,く;Crimson,Deep Red
冊;5;N2;WK19;G6;FQ1313;ふみ;さつ,さく;Tome,Counter For Books,Volume
仁;5;N1;WK41;G6;FQ1332;;じん,に,にん;Humanity,Virtue,Benevolence,Charity,Man,Kernel
卵;5;N2;WK32;G6;FQ1342;たまご;らん;Egg,Ovum,Spawn,Roe
干;5;N2;WK17;G6;FQ1349;ほ.す,ほ.し-,-ぼ.し,ひ.る;かん;Dry,Parch,Ebb,Recede,Interfere,Intercede
頂;5;N3;WK51;G6;FQ1350;いただ.く,いただき;ちょう;Place On The Head,Receive,Top Of Head,Top,Summit,Peak
穴;5;N1;WK20;G6;FQ1366;あな;けつ;Hole,Aperture,Slit,Cave,Den
暖;5;N1;WK32;G6;FQ1371;あたた.か,あたた.かい,あたた.まる,あたた.める;だん,のん;Warmth
朗;5;N1;WK43;G6;FQ1374;ほが.らか,あき.らか;ろう;Melodious,Clear,Bright,Serene,Cheerful
肺;5;N1;WK33;G6;FQ1387;;はい;Lungs
熟;5;N1;WK33;G6;FQ1415;う.れる;じゅく;Mellow,Ripen,Mature,Acquire Skill
晩;5;N3;WK15;G6;FQ1424;;ばん;Nightfall,Night
陛;5;N1;WK49;G6;FQ1429;;へい;Highness,Steps (of Throne)
拝;5;N2;WK34;G6;FQ1443;おが.む,おろが.む;はい;Worship,Adore,Pray To
棒;5;N2;WK31;G6;FQ1455;;ぼう;Rod,Stick,Cane,Pole,Club,Line
糖;5;N1;WK33;G6;FQ1471;;とう;Sugar
覧;5;N1;WK30;G6;FQ1510;み.る;らん;Perusal,See
奮;5;N1;WK50;G6;FQ1521;ふる.う;ふん;Stirred Up,Be Invigorated,Flourish
蒸;5;N2;WK33;G6;FQ1552;む.す,む.れる,む.らす;じょう,せい;Steam,Heat,Sultry,Foment,Get Musty
后;5;N1;WK50;G6;FQ1583;きさき;こう,ご;Empress,Queen,After,Behind,Back,Later
班;5;N1;WK48;G6;FQ1592;;はん;Squad,Corps,Unit,Group
詞;5;N2;WK19;G6;FQ1636;ことば;し;Part Of Speech,Words,Poetry
寸;5;N1;WK44;G6;FQ1669;;すん;Measurement,Tenth Of A Shaku,A Little,Small
机;5;N2;WK32;G6;FQ1671;つくえ;き;Desk,Table
磁;5;N1;WK34;G6;FQ1686;;じ;Magnet,Porcelain
灰;5;N2;WK33;G6;FQ1717;はい;かい;Ashes,Puckery Juice,Cremate
垂;5;N1;WK33;G6;FQ1720;た.れる,た.らす,た.れ,-た.れ,なんなんと.す;すい;Droop,Suspend,Hang,Slouch
穀;5;N1;WK56;G6;FQ1744;;こく;Cereals,Grain
絹;5;N1;WK58;G6;FQ1916;きぬ;けん;Silk
尺;5;N1;WK47;G6;FQ1940;;しゃく;Shaku,Japanese Foot,Measure,Scale,Rule
蚕;5;N1;;G6;FQ2272;かいこ,こ;さん,てん;Silkworm
